Handle,Title,Body (HTML),Vendor,Product Category,Type,Tags,Published,Option1 Name,Option1 Value,Option2 Name,Option2 Value,Option3 Name,Option3 Value,Variant SKU,Variant Grams,Variant Inventory Tracker,Variant Inventory Qty,Variant Inventory Policy,Variant Fulfillment Service,Variant Price,Variant Compare At Price,Variant Requires Shipping,Variant Taxable,Variant Barcode,Image Src,Image Position,Image Alt Text,Gift Card,SEO Title,SEO Description,Google Shopping / Google Product Category,Google Shopping / Gender,Google Shopping / Age Group,Google Shopping / MPN,Google Shopping / Condition,Google Shopping / Custom Product,Google Shopping / Custom Label 0,Google Shopping / Custom Label 1,Google Shopping / Custom Label 2,Google Shopping / Custom Label 3,Google Shopping / Custom Label 4,Variant Image,Variant Weight Unit,Variant Tax Code,Cost per item,Included / Bulgaria,Included / International,Price / International,Compare At Price / International,Status
14k-gold-chain-connector,Vitamin B12 Test Kit,"<meta charset=""utf-8"">
<p><meta charset=""utf-8""><span>Vitamin B12 is essential for your health and wellbeing and performs several important</span><br><span>functions in the body, including keeping the nervous system healthy.</span></p>
<h4>Analyses<br>
</h4>
<h4><img height=""37"" width=""40"" src=""https://cdn.shopify.com/s/files/1/0571/4912/8748/files/Vitamins2_480x480.png?v=1676632443"" alt=""""></h4>
<h4></h4>
<h4></h4>",Nicole Rose,Health & Beauty > Health Care > Medical Tests > Allergy Test Kits,Shop,"",true,At-home medical test,Book a nurse appointment for an at-home test.,Get tested by yourself,get your own sample and send it to us.,,,'16064,0.0,shopify,14,continue,manual,295.00,0.00,true,false,"",https://cdn.shopify.com/s/files/1/0807/2966/9928/products/image5_6a90e6e3-d0b5-4eab-a430-754267395057.png?v=1691755870,1,,false,,,,,,,,,,,,,,,lb,,140.00,true,true,,,active
14k-gold-chain-connector,,,,,,,,,,,,,,,,,,,,,,,,,https://cdn.shopify.com/s/files/1/0807/2966/9928/products/image5_27f12482-32ef-44aa-9fda-ff10cda67f8f.png?v=1691755870,2,,,,,,,,,,,,,,,,,,,,,,,,
14k-gold-chain-connector,,,,,,,,,,,,,,,,,,,,,,,,,https://cdn.shopify.com/s/files/1/0807/2966/9928/products/image5_76e5ba9d-0e58-4817-84fe-30825ae0c03f.png?v=1691755870,3,,,,,,,,,,,,,,,,,,,,,,,,
14k-white-gold-round-and-baguette-diamond-pendant,14K White Gold Round and Baguette Diamond Pendant,"<p>14K white gold round and baguette diamond circle pendant.</p>
<p>*Diamond weight:0.45. Color:G-H Clarity:VS.</p>
<p>*Available in rose. white and yellow gold.</p>
<p>*Please contact us for all inquiries.</p>",Diamond,,Shop,"By Category, By Collection, Diamonds, Necklaces, Nicole Rose Gifts Under $1500, Pendants",false,14k Gold Color,14k White Gold,Necklace Length,15 inch,,,SKU14115-07138FBB,0.0,,-1,deny,manual,850.00,,true,false,,https://cdn.shopify.com/s/files/1/0807/2966/9928/products/14115__95582.1525141574.1280.1280.jpg?v=1691755873,1,14K White Gold Round and Baguette Diamond Pendant,false,,,,,,,,,,,,,,https://cdn.shopify.com/s/files/1/0807/2966/9928/products/14115__95582.1525141574.1280.1280.jpg?v=1691755873,oz,,,true,true,,,active
14k-white-gold-round-and-baguette-diamond-pendant,,,,,,,,,14k White Gold,,16 inch,,,SKU14115-51B213F6,0.0,,-1,deny,manual,850.00,,true,false,,,,,,,,,,,,,,,,,,,https://cdn.shopify.com/s/files/1/0807/2966/9928/products/14115__95582.1525141574.1280.1280.jpg?v=1691755873,oz,,,,,,,
14k-white-gold-round-and-baguette-diamond-pendant,,,,,,,,,14k White Gold,,17 inch,,,SKU14115-ADC0384B,0.0,,0,deny,manual,850.00,,true,false,,,,,,,,,,,,,,,,,,,https://cdn.shopify.com/s/files/1/0807/2966/9928/products/14115__95582.1525141574.1280.1280.jpg?v=1691755873,oz,,,,,,,
14k-white-gold-round-and-baguette-diamond-pendant,,,,,,,,,14k White Gold,,18 inch,,,SKU14115-8D403576,0.0,,0,deny,manual,850.00,,true,false,,,,,,,,,,,,,,,,,,,https://cdn.shopify.com/s/files/1/0807/2966/9928/products/14115__95582.1525141574.1280.1280.jpg?v=1691755873,oz,,,,,,,
14k-white-gold-round-and-baguette-diamond-pendant,,,,,,,,,14k White Gold,,19 inch,,,SKU14115-0B97EE84,0.0,,0,deny,manual,850.00,,true,false,,,,,,,,,,,,,,,,,,,https://cdn.shopify.com/s/files/1/0807/2966/9928/products/14115__95582.1525141574.1280.1280.jpg?v=1691755873,oz,,,,,,,
14k-white-gold-round-and-baguette-diamond-pendant,,,,,,,,,14k White Gold,,20 inch,,,SKU14115-A1E7B967,0.0,,0,deny,manual,850.00,,true,false,,,,,,,,,,,,,,,,,,,https://cdn.shopify.com/s/files/1/0807/2966/9928/products/14115__95582.1525141574.1280.1280.jpg?v=1691755873,oz,,,,,,,
14k-white-gold-round-and-baguette-diamond-pendant,,,,,,,,,14k Yellow Gold,,15 inch,,,SKU14115-921E6766,0.0,,0,deny,manual,850.00,,true,false,,,,,,,,,,,,,,,,,,,https://cdn.shopify.com/s/files/1/0807/2966/9928/products/14115__95582.1525141574.1280.1280.jpg?v=1691755873,oz,,,,,,,
14k-white-gold-round-and-baguette-diamond-pendant,,,,,,,,,14k Yellow Gold,,16 inch,,,SKU14115-99435C40,0.0,,0,deny,manual,850.00,,true,false,,,,,,,,,,,,,,,,,,,https://cdn.shopify.com/s/files/1/0807/2966/9928/products/14115__95582.1525141574.1280.1280.jpg?v=1691755873,oz,,,,,,,
14k-white-gold-round-and-baguette-diamond-pendant,,,,,,,,,14k Yellow Gold,,17 inch,,,SKU14115-35BCACC2,0.0,,0,deny,manual,850.00,,true,false,,,,,,,,,,,,,,,,,,,https://cdn.shopify.com/s/files/1/0807/2966/9928/products/14115__95582.1525141574.1280.1280.jpg?v=1691755873,oz,,,,,,,
14k-white-gold-round-and-baguette-diamond-pendant,,,,,,,,,14k Yellow Gold,,18 inch,,,SKU14115-D3DA4494,0.0,,0,deny,manual,850.00,,true,false,,,,,,,,,,,,,,,,,,,https://cdn.shopify.com/s/files/1/0807/2966/9928/products/14115__95582.1525141574.1280.1280.jpg?v=1691755873,oz,,,,,,,
14k-white-gold-round-and-baguette-diamond-pendant,,,,,,,,,14k Yellow Gold,,19 inch,,,SKU14115-C3C44D65,0.0,,0,deny,manual,850.00,,true,false,,,,,,,,,,,,,,,,,,,https://cdn.shopify.com/s/files/1/0807/2966/9928/products/14115__95582.1525141574.1280.1280.jpg?v=1691755873,oz,,,,,,,
14k-white-gold-round-and-baguette-diamond-pendant,,,,,,,,,14k Yellow Gold,,20 inch,,,SKU14115-7B7C037E,0.0,,0,deny,manual,850.00,,true,false,,,,,,,,,,,,,,,,,,,https://cdn.shopify.com/s/files/1/0807/2966/9928/products/14115__95582.1525141574.1280.1280.jpg?v=1691755873,oz,,,,,,,
14k-white-gold-round-and-baguette-diamond-pendant,,,,,,,,,14k Rose Gold,,15 inch,,,SKU14115-5B4EC87A,0.0,,0,deny,manual,850.00,,true,false,,,,,,,,,,,,,,,,,,,https://cdn.shopify.com/s/files/1/0807/2966/9928/products/14115__95582.1525141574.1280.1280.jpg?v=1691755873,oz,,,,,,,
14k-white-gold-round-and-baguette-diamond-pendant,,,,,,,,,14k Rose Gold,,16 inch,,,SKU14115-39E0F151,0.0,,0,deny,manual,850.00,,true,false,,,,,,,,,,,,,,,,,,,https://cdn.shopify.com/s/files/1/0807/2966/9928/products/14115__95582.1525141574.1280.1280.jpg?v=1691755873,oz,,,,,,,
14k-white-gold-round-and-baguette-diamond-pendant,,,,,,,,,14k Rose Gold,,17 inch,,,SKU14115-C20223D3,0.0,,0,deny,manual,850.00,,true,false,,,,,,,,,,,,,,,,,,,https://cdn.shopify.com/s/files/1/0807/2966/9928/products/14115__95582.1525141574.1280.1280.jpg?v=1691755873,oz,,,,,,,
14k-white-gold-round-and-baguette-diamond-pendant,,,,,,,,,14k Rose Gold,,18 inch,,,SKU14115-EAEA6907,0.0,,0,deny,manual,850.00,,true,false,,,,,,,,,,,,,,,,,,,https://cdn.shopify.com/s/files/1/0807/2966/9928/products/14115__95582.1525141574.1280.1280.jpg?v=1691755873,oz,,,,,,,
14k-white-gold-round-and-baguette-diamond-pendant,,,,,,,,,14k Rose Gold,,19 inch,,,SKU14115-CBBA448B,0.0,,0,deny,manual,850.00,,true,false,,,,,,,,,,,,,,,,,,,https://cdn.shopify.com/s/files/1/0807/2966/9928/products/14115__95582.1525141574.1280.1280.jpg?v=1691755873,oz,,,,,,,
14k-white-gold-round-and-baguette-diamond-pendant,,,,,,,,,14k Rose Gold,,20 inch,,,SKU14115-6162B493,0.0,,0,deny,manual,850.00,,true,false,,,,,,,,,,,,,,,,,,,https://cdn.shopify.com/s/files/1/0807/2966/9928/products/14115__95582.1525141574.1280.1280.jpg?v=1691755873,oz,,,,,,,
5-clover-diamond-necklace,5 Clover Diamond Necklace,"<p>*14k Diamond clover necklace.</p>
<p>*Diamond weight: 0.66tw. Color: G-H Clarity: VS2-SI1.</p>
<p> </p>",Diamonds,,Shop,"Dainty, Diamonds, necklace, Necklaces, Nicole Rose Gifts Under $1500",true,Color Gold,14k Yellow,Chain Length,15-16”,,,18666-1,0.0,shopify,0,continue,manual,995.00,,true,false,,https://cdn.shopify.com/s/files/1/0807/2966/9928/products/image_52c122f2-5c59-482b-88ae-ab4aab15ec32.jpg?v=1691755878,1,,false,,,,,,,,,,,,,,,lb,,,true,true,,,active
5-clover-diamond-necklace,,,,,,,,,14k Yellow,,16-17”,,,"",0.0,shopify,-1,continue,manual,995.00,,true,false,"",https://cdn.shopify.com/s/files/1/0807/2966/9928/products/image_b76bede7-1107-44af-a2da-465ed44efd6b.jpg?v=1691755878,2,,,,,,,,,,,,,,,,,lb,,,,,,,
5-clover-diamond-necklace,,,,,,,,,14k Yellow,,17-18”,,,"",0.0,shopify,0,continue,manual,995.00,,true,false,"",https://cdn.shopify.com/s/files/1/0807/2966/9928/products/image_8e5b40bc-d925-4c2c-b788-3d53013e6c0a.jpg?v=1691755878,3,,,,,,,,,,,,,,,,,lb,,,,,,,
5-clover-diamond-necklace,,,,,,,,,14k Yellow,,18-19”,,,"",0.0,shopify,-3,continue,manual,995.00,,true,false,"",,,,,,,,,,,,,,,,,,,lb,,,,,,,
5-clover-diamond-necklace,,,,,,,,,14k Rose,,15-16”,,,"",0.0,shopify,0,continue,manual,995.00,,true,false,"",,,,,,,,,,,,,,,,,,,lb,,,,,,,
5-clover-diamond-necklace,,,,,,,,,14k Rose,,16-17”,,,"",0.0,shopify,0,continue,manual,995.00,,true,false,"",,,,,,,,,,,,,,,,,,,lb,,,,,,,
5-clover-diamond-necklace,,,,,,,,,14k Rose,,17-18”,,,"",0.0,shopify,2,continue,manual,995.00,,true,false,"",,,,,,,,,,,,,,,,,,,lb,,430.00,,,,,
5-clover-diamond-necklace,,,,,,,,,14k Rose,,18-19”,,,"",0.0,shopify,0,continue,manual,995.00,,true,false,"",,,,,,,,,,,,,,,,,,,lb,,,,,,,
5-clover-diamond-necklace,,,,,,,,,14k White,,15-16”,,,"",0.0,shopify,0,continue,manual,995.00,,true,false,"",,,,,,,,,,,,,,,,,,,lb,,,,,,,
5-clover-diamond-necklace,,,,,,,,,14k White,,16-17”,,,"",0.0,shopify,-1,continue,manual,995.00,,true,false,"",,,,,,,,,,,,,,,,,,,lb,,,,,,,
5-clover-diamond-necklace,,,,,,,,,14k White,,17-18”,,,"",0.0,shopify,3,continue,manual,995.00,,true,false,"",,,,,,,,,,,,,,,,,,,lb,,430.00,,,,,
5-clover-diamond-necklace,,,,,,,,,14k White,,18-19”,,,"",0.0,shopify,0,continue,manual,995.00,,true,false,"",,,,,,,,,,,,,,,,,,,lb,,,,,,,
adjustable-diamond-tennis-necklace,Adjustable Diamond Tennis Necklace,"<p>*18K diamond tennis necklace with adjustable extender.</p>
<p>*Diamond weight: 2.51tw. Color: G-H Clarity: VS2-SI1.</p>
<p> </p>",Nicole Rose Fine Jewelry,,"",Diamonds,false,Title,Default Title,,,,,"",0.0,shopify,0,deny,manual,0.00,,true,true,"",,,,false,,,,,,,,,,,,,,,lb,,,true,true,,,active
all-gold-heart-necklace,All Gold Heart Necklace,"<p>*18k all gold heart necklace.</p>
<p><br></p>",Diamonds,,Shop,"badge_Best Seller, necklace, Necklaces",true,Color,18K Rose,Length,"15""",,,'19769,0.0,,0,deny,manual,2990.00,,true,false,"",https://cdn.shopify.com/s/files/1/0807/2966/9928/products/image_5751108e-2e97-4ce4-9545-877f1190bed9.jpg?v=1691755884,1,,false,,,,,,,,,,,,,,,lb,,,true,true,,,active
all-gold-heart-necklace,,,,,,,,,18K Rose,,"16""",,,'19770,0.0,,0,deny,manual,2990.00,,true,false,"",https://cdn.shopify.com/s/files/1/0807/2966/9928/products/image_47386e87-73d9-4329-ab3c-84e62f507f34.jpg?v=1691755884,2,,,,,,,,,,,,,,,,,lb,,,,,,,
all-gold-heart-necklace,,,,,,,,,18K Rose,,"17""",,,'19771,0.0,,0,deny,manual,2990.00,,true,false,"",,,,,,,,,,,,,,,,,,,lb,,,,,,,
all-gold-heart-necklace,,,,,,,,,18K White,,"15""",,,'19772,0.0,,0,deny,manual,2990.00,,true,false,"",,,,,,,,,,,,,,,,,,,lb,,,,,,,
all-gold-heart-necklace,,,,,,,,,18K White,,"16""",,,'19773,0.0,,0,deny,manual,2990.00,,true,false,"",,,,,,,,,,,,,,,,,,,lb,,,,,,,
all-gold-heart-necklace,,,,,,,,,18K White,,"17""",,,'19774,0.0,,0,deny,manual,2990.00,,true,false,"",,,,,,,,,,,,,,,,,,,lb,,,,,,,
all-gold-heart-necklace,,,,,,,,,18K Yellow,,"15""",,,'19775,0.0,,0,deny,manual,2990.00,,true,false,"",,,,,,,,,,,,,,,,,,,lb,,,,,,,
all-gold-heart-necklace,,,,,,,,,18K Yellow,,"16""",,,'19776,0.0,,-1,deny,manual,2990.00,,true,false,"",,,,,,,,,,,,,,,,,,,lb,,,,,,,
all-gold-heart-necklace,,,,,,,,,18K Yellow,,"17""",,,'19777,0.0,,-1,deny,manual,2990.00,,true,false,"",,,,,,,,,,,,,,,,,,,lb,,,,,,,
aquamarine-and-diamond-halo-pendant,Aquamarine and Diamond Halo Pendant,"<p>*18k aquamarine and diamond halo pendant.</p>
<p>*Aquamarine weight: 3.92tw. Diamond weight: .15tw.</p>
<p>*All necklaces are available in rose, yellow and white gold.</p>
<p>*Please contact us for price requests and additional inquiries.</p>",Aquamarine,,Shop,"Aquamarine, Available Stock, By Category, By Collection, Color, Color Burst, Diamonds, Halo, Necklaces, Pendants",true,14k Gold Color,14k White Gold,Necklace Length,16 inch,,,8435-01,0.0,shopify,0,continue,manual,1950.00,,true,false,"",https://cdn.shopify.com/s/files/1/0807/2966/9928/products/8435__72883.1513628662.1280.1280.jpg?v=1691755890,1,Aquamarine and Diamond Halo Pendant,false,,,,,,,,,,,,,,https://cdn.shopify.com/s/files/1/0807/2966/9928/products/8435__72883.1513628662.1280.1280.jpg?v=1691755890,oz,,,true,true,,,active
aquamarine-and-diamond-halo-pendant,,,,,,,,,14k Yellow Gold,,16 inch,,,8435-02,0.0,,0,deny,manual,1950.00,,true,false,,https://cdn.shopify.com/s/files/1/0807/2966/9928/products/image_3ca9adda-f383-4541-8ff0-d57be9c5d4c9.jpg?v=1691755890,2,,,,,,,,,,,,,,,,https://cdn.shopify.com/s/files/1/0807/2966/9928/products/8435__72883.1513628662.1280.1280.jpg?v=1691755890,oz,,,,,,,
aquamarine-and-diamond-halo-pendant,,,,,,,,,14k Rose Gold,,16 inch,,,8435-03,0.0,,0,deny,manual,1950.00,,true,false,,https://cdn.shopify.com/s/files/1/0807/2966/9928/products/image_fab85766-4be4-4135-8b05-83268b0b5d76.jpg?v=1691755890,3,,,,,,,,,,,,,,,,https://cdn.shopify.com/s/files/1/0807/2966/9928/products/8435__72883.1513628662.1280.1280.jpg?v=1691755890,oz,,,,,,,
aquamarine-and-diamond-halo-pendant,,,,,,,,,14k White Gold,,18 inch,,,8435-04,0.0,,0,deny,manual,1950.00,,true,false,,https://cdn.shopify.com/s/files/1/0807/2966/9928/products/image_b802d5b3-d8aa-402b-a092-c43c34ecb145.jpg?v=1691755890,4,,,,,,,,,,,,,,,,https://cdn.shopify.com/s/files/1/0807/2966/9928/products/8435__72883.1513628662.1280.1280.jpg?v=1691755890,oz,,,,,,,
aquamarine-and-diamond-halo-pendant,,,,,,,,,14k Yellow Gold,,18 inch,,,8435-05,0.0,,0,deny,manual,1950.00,,true,false,,,,,,,,,,,,,,,,,,,https://cdn.shopify.com/s/files/1/0807/2966/9928/products/8435__72883.1513628662.1280.1280.jpg?v=1691755890,oz,,,,,,,
aquamarine-and-diamond-halo-pendant,,,,,,,,,14k Rose Gold,,18 inch,,,8435-06,0.0,,0,deny,manual,1950.00,,true,false,,,,,,,,,,,,,,,,,,,https://cdn.shopify.com/s/files/1/0807/2966/9928/products/8435__72883.1513628662.1280.1280.jpg?v=1691755890,oz,,,,,,,
aquamarine-and-diamond-halo-pendant,,,,,,,,,14k White Gold,,20 inch,,,8435-07,0.0,,-1,deny,manual,1950.00,,true,false,,,,,,,,,,,,,,,,,,,https://cdn.shopify.com/s/files/1/0807/2966/9928/products/8435__72883.1513628662.1280.1280.jpg?v=1691755890,oz,,,,,,,
aquamarine-and-diamond-halo-pendant,,,,,,,,,14k Yellow Gold,,20 inch,,,8435-08,0.0,,0,deny,manual,1950.00,,true,false,,,,,,,,,,,,,,,,,,,https://cdn.shopify.com/s/files/1/0807/2966/9928/products/8435__72883.1513628662.1280.1280.jpg?v=1691755890,oz,,,,,,,
aquamarine-and-diamond-halo-pendant,,,,,,,,,14k Rose Gold,,20 inch,,,8435-09,0.0,,0,deny,manual,1950.00,,true,false,,,,,,,,,,,,,,,,,,,https://cdn.shopify.com/s/files/1/0807/2966/9928/products/8435__72883.1513628662.1280.1280.jpg?v=1691755890,oz,,,,,,,
aquamarine-and-diamond-halo-pendant,,,,,,,,,14k White Gold,,15 inch,,,8435-10,0.0,,0,deny,manual,1950.00,,true,false,,,,,,,,,,,,,,,,,,,https://cdn.shopify.com/s/files/1/0807/2966/9928/products/8435__72883.1513628662.1280.1280.jpg?v=1691755890,oz,,,,,,,
aquamarine-and-diamond-halo-pendant,,,,,,,,,14k Yellow Gold,,15 inch,,,8435-11,0.0,,0,deny,manual,1950.00,,true,false,,,,,,,,,,,,,,,,,,,https://cdn.shopify.com/s/files/1/0807/2966/9928/products/8435__72883.1513628662.1280.1280.jpg?v=1691755890,oz,,,,,,,
aquamarine-and-diamond-halo-pendant,,,,,,,,,14k Rose Gold,,15 inch,,,8435-12,0.0,,0,deny,manual,1950.00,,true,false,,,,,,,,,,,,,,,,,,,https://cdn.shopify.com/s/files/1/0807/2966/9928/products/8435__72883.1513628662.1280.1280.jpg?v=1691755890,oz,,,,,,,
aquamarine-and-diamond-halo-pendant,,,,,,,,,14k White Gold,,17 inch,,,8435-13,0.0,,0,deny,manual,1950.00,,true,false,,,,,,,,,,,,,,,,,,,https://cdn.shopify.com/s/files/1/0807/2966/9928/products/8435__72883.1513628662.1280.1280.jpg?v=1691755890,oz,,,,,,,
aquamarine-and-diamond-halo-pendant,,,,,,,,,14k Yellow Gold,,17 inch,,,8435-14,0.0,,0,deny,manual,1950.00,,true,false,,,,,,,,,,,,,,,,,,,https://cdn.shopify.com/s/files/1/0807/2966/9928/products/8435__72883.1513628662.1280.1280.jpg?v=1691755890,oz,,,,,,,
aquamarine-and-diamond-halo-pendant,,,,,,,,,14k Rose Gold,,17 inch,,,8435-15,0.0,,0,deny,manual,1950.00,,true,false,,,,,,,,,,,,,,,,,,,https://cdn.shopify.com/s/files/1/0807/2966/9928/products/8435__72883.1513628662.1280.1280.jpg?v=1691755890,oz,,,,,,,
aquamarine-and-diamond-halo-pendant,,,,,,,,,14k White Gold,,19 inch,,,8435-16,0.0,,0,deny,manual,1950.00,,true,false,,,,,,,,,,,,,,,,,,,https://cdn.shopify.com/s/files/1/0807/2966/9928/products/8435__72883.1513628662.1280.1280.jpg?v=1691755890,oz,,,,,,,
aquamarine-and-diamond-halo-pendant,,,,,,,,,14k Yellow Gold,,19 inch,,,8435-17,0.0,,0,deny,manual,1950.00,,true,false,,,,,,,,,,,,,,,,,,,https://cdn.shopify.com/s/files/1/0807/2966/9928/products/8435__72883.1513628662.1280.1280.jpg?v=1691755890,oz,,,,,,,
aquamarine-and-diamond-halo-pendant,,,,,,,,,14k Rose Gold,,19 inch,,,8435-18,0.0,,0,deny,manual,1950.00,,true,false,,,,,,,,,,,,,,,,,,,https://cdn.shopify.com/s/files/1/0807/2966/9928/products/8435__72883.1513628662.1280.1280.jpg?v=1691755890,oz,,,,,,,
aquamarine-and-diamond-pendant,Aquamarine and Diamond Pendant,"<p>*18k emerald cut aquamarine and diamond halo pendant.</p>
<p>*Diamond weight: 0.40tw. Color: G-H Clarity: VS2-SI1.</p>
<p>*Aquamarine weight: 2.51tw.</p>",Aquamarine,,Shop,"Aquamarine, necklace, Necklaces, Pendants",true,Color,18K White,Length,"15-16""",,,19784.-1,0.0,,0,deny,manual,2795.00,,true,false,"",https://cdn.shopify.com/s/files/1/0807/2966/9928/products/image_ddfce7d1-8e51-4734-b4da-ff0cd80057d1.jpg?v=1691755893,1,,false,,,,,,,,,,,,,,,lb,,,true,true,,,active
aquamarine-and-diamond-pendant,,,,,,,,,18K White,,"16-17""",,,19784.-2,0.0,,0,deny,manual,2795.00,,true,false,"",,,,,,,,,,,,,,,,,,,lb,,,,,,,
aquamarine-and-diamond-pendant,,,,,,,,,18K White,,"17-18""",,,19784.-3,0.0,,0,deny,manual,2795.00,,true,false,"",,,,,,,,,,,,,,,,,,,lb,,,,,,,
aquamarine-and-diamond-pendant,,,,,,,,,18K Yellow,,"15-16""",,,19784.-4,0.0,,0,deny,manual,2795.00,,true,false,"",,,,,,,,,,,,,,,,,,,lb,,,,,,,
aquamarine-and-diamond-pendant,,,,,,,,,18K Yellow,,"16-17""",,,19784.-5,0.0,,0,deny,manual,2795.00,,true,false,"",,,,,,,,,,,,,,,,,,,lb,,,,,,,
aquamarine-and-diamond-pendant,,,,,,,,,18K Yellow,,"17-18""",,,19784.-6,0.0,,0,deny,manual,2795.00,,true,false,"",,,,,,,,,,,,,,,,,,,lb,,,,,,,
aquamarine-and-diamond-pendant,,,,,,,,,18K Rose,,"15-16""",,,19784.-7,0.0,,0,deny,manual,2795.00,,true,false,"",,,,,,,,,,,,,,,,,,,lb,,,,,,,
aquamarine-and-diamond-pendant,,,,,,,,,18K Rose,,"16-17""",,,19784.-8,0.0,,0,deny,manual,2795.00,,true,false,"",,,,,,,,,,,,,,,,,,,lb,,,,,,,
aquamarine-and-diamond-pendant,,,,,,,,,18K Rose,,"17-18""",,,19784.-9,0.0,,0,deny,manual,2795.00,,true,false,"",,,,,,,,,,,,,,,,,,,lb,,,,,,,
asscher-cut-diamond-necklace,Asscher Cut Diamond Necklace,"<p>18kt white gold asscher cut diamond necklace.</p>
<p>*Asscher Cut Diamond weight:25.42tw. Color: I-J Clarity:VS.</p>
<p>*225 asscher cut diamond stones. Length:34 inches.</p>
<p>*Available in 18k rose, yellow and white gold.</p>
<p>*Please contact us for all price requests and inquiries.</p>",Diamond,,Shop,"By Category, By Collection, Classics, Diamonds, Elegant Affair, Necklaces, Something New, Wedding Jewels",true,Title,Default Title,,,,,'13762,0.0,,0,deny,manual,0.00,,true,false,,https://cdn.shopify.com/s/files/1/0807/2966/9928/products/13762__72280.1520044716.1280.1280.jpg?v=1691755895,1,Asscher Cut Diamond Necklace,false,,,,,,,,,,,,,,,oz,,,true,true,,,active
asscher-cut-diamond-pendant,Asscher Cut Diamond Pendant,"<p>Diamond Asscher Pendant.</p>
<p>*Pictured is .30ct.</p>
<p>*Available in 18k yellow, rose and white.</p>
<p>*Diamond comes in all sizes, please contact us for all price requests.</p>",Diamond,,Shop,"By Category, By Collection, Classics, Diamonds, Necklaces, Pendants, Something New, Wedding Jewels",true,Necklace Length,16 inch,18k Gold Color,18k White Gold,,,ASSCHP001-01,0.0,,0,deny,manual,0.00,,true,false,,https://cdn.shopify.com/s/files/1/0807/2966/9928/products/Asscher_Pendant_.30__95640.1519352392.1280.1280.jpg?v=1691755898,1,Asscher Cut Diamond Pendant,false,,,,,,,,,,,,,,https://cdn.shopify.com/s/files/1/0807/2966/9928/products/Asscher_Pendant_.30__95640.1519352392.1280.1280.jpg?v=1691755898,oz,,,true,true,,,active
asscher-cut-diamond-pendant,,,,,,,,,18 inch,,18k White Gold,,,ASSCHP001-02,0.0,,0,deny,manual,0.00,,true,false,,https://cdn.shopify.com/s/files/1/0807/2966/9928/products/Asscher_Pendant_.30_-2__44034.1519352462.1280.1280.jpg?v=1691755898,2,Asscher Cut Diamond Pendant,,,,,,,,,,,,,,,https://cdn.shopify.com/s/files/1/0807/2966/9928/products/Asscher_Pendant_.30__95640.1519352392.1280.1280.jpg?v=1691755898,oz,,,,,,,
asscher-cut-diamond-pendant,,,,,,,,,20 inch,,18k White Gold,,,ASSCHP001-03,0.0,,0,deny,manual,0.00,,true,false,,,,,,,,,,,,,,,,,,,https://cdn.shopify.com/s/files/1/0807/2966/9928/products/Asscher_Pendant_.30__95640.1519352392.1280.1280.jpg?v=1691755898,oz,,,,,,,
asscher-cut-diamond-pendant,,,,,,,,,15 inch,,18k White Gold,,,ASSCHP001-04,0.0,,0,deny,manual,0.00,,true,false,,,,,,,,,,,,,,,,,,,https://cdn.shopify.com/s/files/1/0807/2966/9928/products/Asscher_Pendant_.30__95640.1519352392.1280.1280.jpg?v=1691755898,oz,,,,,,,
asscher-cut-diamond-pendant,,,,,,,,,17 inch,,18k White Gold,,,ASSCHP001-05,0.0,,0,deny,manual,0.00,,true,false,,,,,,,,,,,,,,,,,,,https://cdn.shopify.com/s/files/1/0807/2966/9928/products/Asscher_Pendant_.30__95640.1519352392.1280.1280.jpg?v=1691755898,oz,,,,,,,
asscher-cut-diamond-pendant,,,,,,,,,19 inch,,18k White Gold,,,ASSCHP001-06,0.0,,0,deny,manual,0.00,,true,false,,,,,,,,,,,,,,,,,,,https://cdn.shopify.com/s/files/1/0807/2966/9928/products/Asscher_Pendant_.30__95640.1519352392.1280.1280.jpg?v=1691755898,oz,,,,,,,
asscher-cut-diamond-pendant,,,,,,,,,16 inch,,18k Yellow Gold,,,ASSCHP001-07,0.0,,0,deny,manual,0.00,,true,false,,,,,,,,,,,,,,,,,,,https://cdn.shopify.com/s/files/1/0807/2966/9928/products/Asscher_Pendant_.30__95640.1519352392.1280.1280.jpg?v=1691755898,oz,,,,,,,
asscher-cut-diamond-pendant,,,,,,,,,18 inch,,18k Yellow Gold,,,ASSCHP001-08,0.0,,0,deny,manual,0.00,,true,false,,,,,,,,,,,,,,,,,,,https://cdn.shopify.com/s/files/1/0807/2966/9928/products/Asscher_Pendant_.30__95640.1519352392.1280.1280.jpg?v=1691755898,oz,,,,,,,
asscher-cut-diamond-pendant,,,,,,,,,20 inch,,18k Yellow Gold,,,ASSCHP001-09,0.0,,0,deny,manual,0.00,,true,false,,,,,,,,,,,,,,,,,,,https://cdn.shopify.com/s/files/1/0807/2966/9928/products/Asscher_Pendant_.30__95640.1519352392.1280.1280.jpg?v=1691755898,oz,,,,,,,
asscher-cut-diamond-pendant,,,,,,,,,15 inch,,18k Yellow Gold,,,ASSCHP001-10,0.0,,0,deny,manual,0.00,,true,false,,,,,,,,,,,,,,,,,,,https://cdn.shopify.com/s/files/1/0807/2966/9928/products/Asscher_Pendant_.30__95640.1519352392.1280.1280.jpg?v=1691755898,oz,,,,,,,
asscher-cut-diamond-pendant,,,,,,,,,17 inch,,18k Yellow Gold,,,ASSCHP001-11,0.0,,0,deny,manual,0.00,,true,false,,,,,,,,,,,,,,,,,,,https://cdn.shopify.com/s/files/1/0807/2966/9928/products/Asscher_Pendant_.30__95640.1519352392.1280.1280.jpg?v=1691755898,oz,,,,,,,
asscher-cut-diamond-pendant,,,,,,,,,19 inch,,18k Yellow Gold,,,ASSCHP001-12,0.0,,0,deny,manual,0.00,,true,false,,,,,,,,,,,,,,,,,,,https://cdn.shopify.com/s/files/1/0807/2966/9928/products/Asscher_Pendant_.30__95640.1519352392.1280.1280.jpg?v=1691755898,oz,,,,,,,
asscher-cut-diamond-pendant,,,,,,,,,16 inch,,18k Rose Gold,,,ASSCHP001-13,0.0,,0,deny,manual,0.00,,true,false,,,,,,,,,,,,,,,,,,,https://cdn.shopify.com/s/files/1/0807/2966/9928/products/Asscher_Pendant_.30__95640.1519352392.1280.1280.jpg?v=1691755898,oz,,,,,,,
asscher-cut-diamond-pendant,,,,,,,,,18 inch,,18k Rose Gold,,,ASSCHP001-14,0.0,,0,deny,manual,0.00,,true,false,,,,,,,,,,,,,,,,,,,https://cdn.shopify.com/s/files/1/0807/2966/9928/products/Asscher_Pendant_.30__95640.1519352392.1280.1280.jpg?v=1691755898,oz,,,,,,,
asscher-cut-diamond-pendant,,,,,,,,,20 inch,,18k Rose Gold,,,ASSCHP001-15,0.0,,0,deny,manual,0.00,,true,false,,,,,,,,,,,,,,,,,,,https://cdn.shopify.com/s/files/1/0807/2966/9928/products/Asscher_Pendant_.30__95640.1519352392.1280.1280.jpg?v=1691755898,oz,,,,,,,
asscher-cut-diamond-pendant,,,,,,,,,15 inch,,18k Rose Gold,,,ASSCHP001-16,0.0,,0,deny,manual,0.00,,true,false,,,,,,,,,,,,,,,,,,,https://cdn.shopify.com/s/files/1/0807/2966/9928/products/Asscher_Pendant_.30__95640.1519352392.1280.1280.jpg?v=1691755898,oz,,,,,,,
asscher-cut-diamond-pendant,,,,,,,,,17 inch,,18k Rose Gold,,,ASSCHP001-17,0.0,,0,deny,manual,0.00,,true,false,,,,,,,,,,,,,,,,,,,https://cdn.shopify.com/s/files/1/0807/2966/9928/products/Asscher_Pendant_.30__95640.1519352392.1280.1280.jpg?v=1691755898,oz,,,,,,,
asscher-cut-diamond-pendant,,,,,,,,,19 inch,,18k Rose Gold,,,ASSCHP001-18,0.0,,0,deny,manual,0.00,,true,false,,,,,,,,,,,,,,,,,,,https://cdn.shopify.com/s/files/1/0807/2966/9928/products/Asscher_Pendant_.30__95640.1519352392.1280.1280.jpg?v=1691755898,oz,,,,,,,
baby-bubble-charm-necklace,Baby Bubble Charm Necklace,"<p>*14k baby bubble charm necklace on a petite paper clip chain.</p>
<p>*.25"" in height.</p>
<p>*Chain only comes in 18"" but lobster catch can be ""clipped on"" to make it shorter.</p>
<p>*If you want it shortened please put in the comments box at check out you would like ie: 16"".</p>
<p> </p>
<p> </p>",Nicole Rose Fine Jewelry,,Shop,"engrave_initial_required, Necklaces, Pendants, Personalized",true,Color Gold,14k Yellow,Letters,1,Chain,"18""",BabyBubbleCharm-96,0.0,,0,deny,manual,695.00,,true,false,"",https://cdn.shopify.com/s/files/1/0807/2966/9928/products/image_0a05e1bb-d66d-434d-8b3e-5712ae6ae574.jpg?v=1691755906,1,,false,,,,,,,,,,,,,,,lb,,,true,true,,,active
baby-bubble-charm-necklace,,,,,,,,,14k Yellow,,2,,"18""",BabyBubbleCharm-97,0.0,,-1,deny,manual,795.00,,true,false,"",https://cdn.shopify.com/s/files/1/0807/2966/9928/products/image_2779b922-f79c-46b9-831a-2ab7d1c39ba3.jpg?v=1691755906,2,,,,,,,,,,,,,,,,,lb,,,,,,,
baby-bubble-charm-necklace,,,,,,,,,14k Yellow,,3,,"18""",BabyBubbleCharm-98,0.0,,-3,deny,manual,895.00,,true,false,"",https://cdn.shopify.com/s/files/1/0807/2966/9928/products/image_3ca7c3c8-5aac-4d23-bd36-41f53c3e62f4.jpg?v=1691755906,3,,,,,,,,,,,,,,,,,lb,,,,,,,
baby-bubble-charm-necklace,,,,,,,,,14k Yellow,,4,,"18""",BabyBubbleCharm-99,0.0,,-2,deny,manual,995.00,,true,false,"",https://cdn.shopify.com/s/files/1/0807/2966/9928/products/image_b21234b8-7beb-4da4-b66a-ab4bf69aa1c9.jpg?v=1691755906,4,,,,,,,,,,,,,,,,,lb,,,,,,,
baby-bubble-charm-necklace,,,,,,,,,14k Yellow,,5,,"18""",BabyBubbleCharm-100,0.0,,0,deny,manual,1095.00,,true,false,"",https://cdn.shopify.com/s/files/1/0807/2966/9928/products/image_4469a6c4-4797-44af-8f35-3b2ca2a57d01.jpg?v=1691755906,5,,,,,,,,,,,,,,,,,lb,,,,,,,
baby-bubble-charm-necklace,,,,,,,,,14k Yellow,,6,,"18""",BabyBubbleCharm-101,0.0,,0,deny,manual,1195.00,,true,false,"",,,,,,,,,,,,,,,,,,,lb,,,,,,,
baby-bubble-charm-necklace,,,,,,,,,14k Yellow,,7,,"18""",BabyBubbleCharm-102,0.0,,0,deny,manual,1295.00,,true,false,"",,,,,,,,,,,,,,,,,,,lb,,,,,,,
baby-bubble-charm-necklace,,,,,,,,,14k Rose,,1,,"18""",BabyBubbleCharm-103,0.0,,0,deny,manual,695.00,,true,false,"",,,,,,,,,,,,,,,,,,,lb,,,,,,,
baby-bubble-charm-necklace,,,,,,,,,14k Rose,,2,,"18""",BabyBubbleCharm-104,0.0,,0,deny,manual,795.00,,true,false,"",,,,,,,,,,,,,,,,,,,lb,,,,,,,
baby-bubble-charm-necklace,,,,,,,,,14k Rose,,3,,"18""",BabyBubbleCharm-105,0.0,,-1,deny,manual,895.00,,true,false,"",,,,,,,,,,,,,,,,,,,lb,,,,,,,
baby-bubble-charm-necklace,,,,,,,,,14k Rose,,4,,"18""",BabyBubbleCharm-106,0.0,,0,deny,manual,995.00,,true,false,"",,,,,,,,,,,,,,,,,,,lb,,,,,,,
baby-bubble-charm-necklace,,,,,,,,,14k Rose,,5,,"18""",BabyBubbleCharm-107,0.0,,0,deny,manual,1095.00,,true,false,"",,,,,,,,,,,,,,,,,,,lb,,,,,,,
baby-bubble-charm-necklace,,,,,,,,,14k Rose,,6,,"18""",BabyBubbleCharm-108,0.0,,0,deny,manual,1195.00,,true,false,"",,,,,,,,,,,,,,,,,,,lb,,,,,,,
baby-bubble-charm-necklace,,,,,,,,,14k Rose,,7,,"18""",BabyBubbleCharm-109,0.0,,0,deny,manual,1295.00,,true,false,"",,,,,,,,,,,,,,,,,,,lb,,,,,,,
baby-bubble-charm-necklace,,,,,,,,,14k White,,1,,"18""",BabyBubbleCharm-110,0.0,,0,deny,manual,695.00,,true,false,"",,,,,,,,,,,,,,,,,,,lb,,,,,,,
baby-bubble-charm-necklace,,,,,,,,,14k White,,2,,"18""",BabyBubbleCharm-111,0.0,,-1,deny,manual,795.00,,true,false,"",,,,,,,,,,,,,,,,,,,lb,,,,,,,
baby-bubble-charm-necklace,,,,,,,,,14k White,,3,,"18""",BabyBubbleCharm-112,0.0,,-1,deny,manual,895.00,,true,false,"",,,,,,,,,,,,,,,,,,,lb,,,,,,,
baby-bubble-charm-necklace,,,,,,,,,14k White,,4,,"18""",BabyBubbleCharm-113,0.0,,0,deny,manual,995.00,,true,false,"",,,,,,,,,,,,,,,,,,,lb,,,,,,,
baby-bubble-charm-necklace,,,,,,,,,14k White,,5,,"18""",BabyBubbleCharm-114,0.0,,0,deny,manual,1095.00,,true,false,"",,,,,,,,,,,,,,,,,,,lb,,,,,,,
baby-bubble-charm-necklace,,,,,,,,,14k White,,6,,"18""",BabyBubbleCharm-115,0.0,,0,deny,manual,1195.00,,true,false,"",,,,,,,,,,,,,,,,,,,lb,,,,,,,
baby-bubble-charm-necklace,,,,,,,,,14k White,,7,,"18""",BabyBubbleCharm-116,0.0,,0,deny,manual,1295.00,,true,false,"",,,,,,,,,,,,,,,,,,,lb,,,,,,,
baby-bubble-name-necklace,Baby Bubble Name Necklace,"<p>*14k baby bubble letters.</p>
<p>*.25"" in height.</p>
<p>*Customize from 1-9 letters.</p>",Nicole Rose Fine Jewelry,,Shop,"Dainty, delivery-window_2-4, engrave_initial_required, extra-delivery, Initials & Names, Necklaces, Pendants, Personalized",true,Color Gold,14K Yellow,Letters,1,Chain Length,"15-16""",'18368,0.0,,-5,deny,manual,395.00,,true,false,"",https://cdn.shopify.com/s/files/1/0807/2966/9928/products/image_08039c39-2c1c-4257-80ff-47779e6babef.jpg?v=1691755921,1,,false,,,,,,,,,,,,,,,lb,,,true,true,,,active
baby-bubble-name-necklace,,,,,,,,,14K Yellow,,1,,"16-17""",'18369,0.0,,-3,deny,manual,395.00,,true,false,"",https://cdn.shopify.com/s/files/1/0807/2966/9928/products/image_2e3a14d4-f998-4928-8654-8d427c82b327.jpg?v=1691755921,2,,,,,,,,,,,,,,,,,lb,,,,,,,
baby-bubble-name-necklace,,,,,,,,,14K Yellow,,1,,"17-18""",'18370,0.0,,-1,deny,manual,395.00,,true,false,"",https://cdn.shopify.com/s/files/1/0807/2966/9928/products/image_a9515fc1-de02-4af6-9df7-2f473c97d5f7.jpg?v=1691755921,3,,,,,,,,,,,,,,,,,lb,,,,,,,
baby-bubble-name-necklace,,,,,,,,,14K Yellow,,2,,"15-16""",'18371,0.0,,-2,deny,manual,495.00,,true,false,"",https://cdn.shopify.com/s/files/1/0807/2966/9928/products/image_6b7643c5-7d6d-4628-a88f-289c86cd6536.jpg?v=1691755922,4,,,,,,,,,,,,,,,,,lb,,,,,,,
baby-bubble-name-necklace,,,,,,,,,14K Yellow,,2,,"16-17""",'18372,0.0,,0,deny,manual,495.00,,true,false,"",https://cdn.shopify.com/s/files/1/0807/2966/9928/products/image_258373c6-fc1a-4a17-a814-9cc78c162be3.jpg?v=1691755922,5,,,,,,,,,,,,,,,,,lb,,,,,,,
baby-bubble-name-necklace,,,,,,,,,14K Yellow,,2,,"17-18""",'18373,0.0,,-3,deny,manual,495.00,,true,false,"",https://cdn.shopify.com/s/files/1/0807/2966/9928/products/image_649e03a0-6369-4135-aee0-bfd923082f49.jpg?v=1691755922,6,,,,,,,,,,,,,,,,,lb,,,,,,,
baby-bubble-name-necklace,,,,,,,,,14K Yellow,,3,,"15-16""",'18374,0.0,,-3,deny,manual,595.00,,true,false,"",https://cdn.shopify.com/s/files/1/0807/2966/9928/products/image_d1b7edb7-8bc4-48dc-9a74-60c438c637a3.jpg?v=1691755922,7,,,,,,,,,,,,,,,,,lb,,,,,,,
baby-bubble-name-necklace,,,,,,,,,14K Yellow,,3,,"16-17""",'18375,0.0,,-3,deny,manual,595.00,,true,false,"",,,,,,,,,,,,,,,,,,,lb,,,,,,,
baby-bubble-name-necklace,,,,,,,,,14K Yellow,,3,,"17-18""",'18376,0.0,,-2,deny,manual,595.00,,true,false,"",,,,,,,,,,,,,,,,,,,lb,,,,,,,
baby-bubble-name-necklace,,,,,,,,,14K Yellow,,4,,"15-16""",'18377,0.0,,-12,deny,manual,695.00,,true,false,"",,,,,,,,,,,,,,,,,,,lb,,,,,,,
baby-bubble-name-necklace,,,,,,,,,14K Yellow,,4,,"16-17""",'18378,0.0,,-10,deny,manual,695.00,,true,false,"",,,,,,,,,,,,,,,,,,,lb,,,,,,,
baby-bubble-name-necklace,,,,,,,,,14K Yellow,,4,,"17-18""",'18379,0.0,,-4,deny,manual,695.00,,true,false,"",,,,,,,,,,,,,,,,,,,lb,,,,,,,
baby-bubble-name-necklace,,,,,,,,,14K Yellow,,5,,"15-16""",'18380,0.0,,-10,deny,manual,795.00,,true,false,"",,,,,,,,,,,,,,,,,,,lb,,,,,,,
baby-bubble-name-necklace,,,,,,,,,14K Yellow,,5,,"16-17""",'18381,0.0,,-7,deny,manual,795.00,,true,false,"",,,,,,,,,,,,,,,,,,,lb,,,,,,,
baby-bubble-name-necklace,,,,,,,,,14K Yellow,,5,,"17-18""",'18382,0.0,,-8,deny,manual,795.00,,true,false,"",,,,,,,,,,,,,,,,,,,lb,,,,,,,
baby-bubble-name-necklace,,,,,,,,,14K Yellow,,6,,"15-16""",'18383,0.0,,-5,deny,manual,895.00,,true,false,"",,,,,,,,,,,,,,,,,,,lb,,,,,,,
baby-bubble-name-necklace,,,,,,,,,14K Yellow,,6,,"16-17""",'18384,0.0,,-5,deny,manual,895.00,,true,false,"",,,,,,,,,,,,,,,,,,,lb,,,,,,,
baby-bubble-name-necklace,,,,,,,,,14K Yellow,,6,,"17-18""",'18385,0.0,,-3,deny,manual,895.00,,true,false,"",,,,,,,,,,,,,,,,,,,lb,,,,,,,
baby-bubble-name-necklace,,,,,,,,,14K Yellow,,7,,"15-16""",'18386,0.0,,-2,deny,manual,995.00,,true,false,"",,,,,,,,,,,,,,,,,,,lb,,,,,,,
baby-bubble-name-necklace,,,,,,,,,14K Yellow,,7,,"16-17""",'18387,0.0,,-1,deny,manual,995.00,,true,false,"",,,,,,,,,,,,,,,,,,,lb,,,,,,,
baby-bubble-name-necklace,,,,,,,,,14K Yellow,,7,,"17-18""",'18388,0.0,,-3,deny,manual,995.00,,true,false,"",,,,,,,,,,,,,,,,,,,lb,,,,,,,
baby-bubble-name-necklace,,,,,,,,,14K Yellow,,8,,"15-16""",'18389,0.0,,0,deny,manual,1100.00,,true,false,"",,,,,,,,,,,,,,,,,,,lb,,,,,,,
baby-bubble-name-necklace,,,,,,,,,14K Yellow,,8,,"16-17""",'18390,0.0,,-2,deny,manual,1100.00,,true,false,"",,,,,,,,,,,,,,,,,,,lb,,,,,,,
baby-bubble-name-necklace,,,,,,,,,14K Yellow,,8,,"17-18""",'18391,0.0,,-1,deny,manual,1100.00,,true,false,"",,,,,,,,,,,,,,,,,,,lb,,,,,,,
baby-bubble-name-necklace,,,,,,,,,14K Yellow,,9,,"15-16""",'18392,0.0,,-1,deny,manual,1195.00,,true,false,"",,,,,,,,,,,,,,,,,,,lb,,,,,,,
baby-bubble-name-necklace,,,,,,,,,14K Yellow,,9,,"16-17""",'18393,0.0,,-1,deny,manual,1195.00,,true,false,"",,,,,,,,,,,,,,,,,,,lb,,,,,,,
baby-bubble-name-necklace,,,,,,,,,14K Yellow,,9,,"17-18""",'18394,0.0,,0,deny,manual,1195.00,,true,false,"",,,,,,,,,,,,,,,,,,,lb,,,,,,,
baby-bubble-name-necklace,,,,,,,,,14K White,,1,,"15-16""",'18395,0.0,,0,deny,manual,395.00,,true,false,"",,,,,,,,,,,,,,,,,,,lb,,,,,,,
baby-bubble-name-necklace,,,,,,,,,14K White,,1,,"16-17""",'18396,0.0,,0,deny,manual,395.00,,true,false,"",,,,,,,,,,,,,,,,,,,lb,,,,,,,
baby-bubble-name-necklace,,,,,,,,,14K White,,1,,"17-18""",'18397,0.0,,0,deny,manual,395.00,,true,false,"",,,,,,,,,,,,,,,,,,,lb,,,,,,,
baby-bubble-name-necklace,,,,,,,,,14K White,,2,,"15-16""",'18398,0.0,,0,deny,manual,495.00,,true,false,"",,,,,,,,,,,,,,,,,,,lb,,,,,,,
baby-bubble-name-necklace,,,,,,,,,14K White,,2,,"16-17""",'18399,0.0,,0,deny,manual,495.00,,true,false,"",,,,,,,,,,,,,,,,,,,lb,,,,,,,
baby-bubble-name-necklace,,,,,,,,,14K White,,2,,"17-18""",'18400,0.0,,-2,deny,manual,495.00,,true,false,"",,,,,,,,,,,,,,,,,,,lb,,,,,,,
baby-bubble-name-necklace,,,,,,,,,14K White,,3,,"15-16""",'18401,0.0,,0,deny,manual,595.00,,true,false,"",,,,,,,,,,,,,,,,,,,lb,,,,,,,
baby-bubble-name-necklace,,,,,,,,,14K White,,3,,"16-17""",'18402,0.0,,0,deny,manual,595.00,,true,false,"",,,,,,,,,,,,,,,,,,,lb,,,,,,,
baby-bubble-name-necklace,,,,,,,,,14K White,,3,,"17-18""",'18403,0.0,,0,deny,manual,595.00,,true,false,"",,,,,,,,,,,,,,,,,,,lb,,,,,,,
baby-bubble-name-necklace,,,,,,,,,14K White,,4,,"15-16""",'18404,0.0,,0,deny,manual,695.00,,true,false,"",,,,,,,,,,,,,,,,,,,lb,,,,,,,
baby-bubble-name-necklace,,,,,,,,,14K White,,4,,"16-17""",'18405,0.0,,0,deny,manual,695.00,,true,false,"",,,,,,,,,,,,,,,,,,,lb,,,,,,,
baby-bubble-name-necklace,,,,,,,,,14K White,,4,,"17-18""",'18406,0.0,,-1,deny,manual,695.00,,true,false,"",,,,,,,,,,,,,,,,,,,lb,,,,,,,
baby-bubble-name-necklace,,,,,,,,,14K White,,5,,"15-16""",'18407,0.0,,0,deny,manual,795.00,,true,false,"",,,,,,,,,,,,,,,,,,,lb,,,,,,,
baby-bubble-name-necklace,,,,,,,,,14K White,,5,,"16-17""",'18408,0.0,,-1,deny,manual,795.00,,true,false,"",,,,,,,,,,,,,,,,,,,lb,,,,,,,
baby-bubble-name-necklace,,,,,,,,,14K White,,5,,"17-18""",'18409,0.0,,0,deny,manual,795.00,,true,false,"",,,,,,,,,,,,,,,,,,,lb,,,,,,,
baby-bubble-name-necklace,,,,,,,,,14K White,,6,,"15-16""",'18410,0.0,,-1,deny,manual,895.00,,true,false,"",,,,,,,,,,,,,,,,,,,lb,,,,,,,
baby-bubble-name-necklace,,,,,,,,,14K White,,6,,"16-17""",'18411,0.0,,-1,deny,manual,895.00,,true,false,"",,,,,,,,,,,,,,,,,,,lb,,,,,,,
baby-bubble-name-necklace,,,,,,,,,14K White,,6,,"17-18""",'18412,0.0,,0,deny,manual,895.00,,true,false,"",,,,,,,,,,,,,,,,,,,lb,,,,,,,
baby-bubble-name-necklace,,,,,,,,,14K White,,7,,"15-16""",'18413,0.0,,0,deny,manual,995.00,,true,false,"",,,,,,,,,,,,,,,,,,,lb,,,,,,,
baby-bubble-name-necklace,,,,,,,,,14K White,,7,,"16-17""",'18414,0.0,,0,deny,manual,995.00,,true,false,"",,,,,,,,,,,,,,,,,,,lb,,,,,,,
baby-bubble-name-necklace,,,,,,,,,14K White,,7,,"17-18""",'18415,0.0,,0,deny,manual,995.00,,true,false,"",,,,,,,,,,,,,,,,,,,lb,,,,,,,
baby-bubble-name-necklace,,,,,,,,,14K White,,8,,"15-16""",'18416,0.0,,0,deny,manual,1100.00,,true,false,"",,,,,,,,,,,,,,,,,,,lb,,,,,,,
baby-bubble-name-necklace,,,,,,,,,14K White,,8,,"16-17""",'18417,0.0,,0,deny,manual,1100.00,,true,false,"",,,,,,,,,,,,,,,,,,,lb,,,,,,,
baby-bubble-name-necklace,,,,,,,,,14K White,,8,,"17-18""",'18418,0.0,,0,deny,manual,1100.00,,true,false,"",,,,,,,,,,,,,,,,,,,lb,,,,,,,
baby-bubble-name-necklace,,,,,,,,,14K White,,9,,"15-16""",'18419,0.0,,0,deny,manual,1195.00,,true,false,"",,,,,,,,,,,,,,,,,,,lb,,,,,,,
baby-bubble-name-necklace,,,,,,,,,14K White,,9,,"16-17""",'18420,0.0,,0,deny,manual,1195.00,,true,false,"",,,,,,,,,,,,,,,,,,,lb,,,,,,,
baby-bubble-name-necklace,,,,,,,,,14K White,,9,,"17-18""",'18421,0.0,,0,deny,manual,1195.00,,true,false,"",,,,,,,,,,,,,,,,,,,lb,,,,,,,
baby-bubble-name-necklace,,,,,,,,,14K Rose,,1,,"15-16""",'18422,0.0,,0,deny,manual,395.00,,true,false,"",,,,,,,,,,,,,,,,,,,lb,,,,,,,
baby-bubble-name-necklace,,,,,,,,,14K Rose,,1,,"16-17""",'18423,0.0,,0,deny,manual,395.00,,true,false,"",,,,,,,,,,,,,,,,,,,lb,,,,,,,
baby-bubble-name-necklace,,,,,,,,,14K Rose,,1,,"17-18""",'18424,0.0,,0,deny,manual,395.00,,true,false,"",,,,,,,,,,,,,,,,,,,lb,,,,,,,
baby-bubble-name-necklace,,,,,,,,,14K Rose,,2,,"15-16""",'18425,0.0,,0,deny,manual,495.00,,true,false,"",,,,,,,,,,,,,,,,,,,lb,,,,,,,
baby-bubble-name-necklace,,,,,,,,,14K Rose,,2,,"16-17""",'18426,0.0,,0,deny,manual,495.00,,true,false,"",,,,,,,,,,,,,,,,,,,lb,,,,,,,
baby-bubble-name-necklace,,,,,,,,,14K Rose,,2,,"17-18""",'18427,0.0,,0,deny,manual,495.00,,true,false,"",,,,,,,,,,,,,,,,,,,lb,,,,,,,
baby-bubble-name-necklace,,,,,,,,,14K Rose,,3,,"15-16""",'18428,0.0,,-1,deny,manual,595.00,,true,false,"",,,,,,,,,,,,,,,,,,,lb,,,,,,,
baby-bubble-name-necklace,,,,,,,,,14K Rose,,3,,"16-17""",'18429,0.0,,-1,deny,manual,595.00,,true,false,"",,,,,,,,,,,,,,,,,,,lb,,,,,,,
baby-bubble-name-necklace,,,,,,,,,14K Rose,,3,,"17-18""",'18430,0.0,,0,deny,manual,595.00,,true,false,"",,,,,,,,,,,,,,,,,,,lb,,,,,,,
baby-bubble-name-necklace,,,,,,,,,14K Rose,,4,,"15-16""",'18431,0.0,,-3,deny,manual,695.00,,true,false,"",,,,,,,,,,,,,,,,,,,lb,,,,,,,
baby-bubble-name-necklace,,,,,,,,,14K Rose,,4,,"16-17""",'18432,0.0,,0,deny,manual,695.00,,true,false,"",,,,,,,,,,,,,,,,,,,lb,,,,,,,
baby-bubble-name-necklace,,,,,,,,,14K Rose,,4,,"17-18""",'18433,0.0,,0,deny,manual,695.00,,true,false,"",,,,,,,,,,,,,,,,,,,lb,,,,,,,
baby-bubble-name-necklace,,,,,,,,,14K Rose,,5,,"15-16""",'18434,0.0,,-1,deny,manual,795.00,,true,false,"",,,,,,,,,,,,,,,,,,,lb,,,,,,,
baby-bubble-name-necklace,,,,,,,,,14K Rose,,5,,"16-17""",'18435,0.0,,-1,deny,manual,795.00,,true,false,"",,,,,,,,,,,,,,,,,,,lb,,,,,,,
baby-bubble-name-necklace,,,,,,,,,14K Rose,,5,,"17-18""",'18436,0.0,,-1,deny,manual,795.00,,true,false,"",,,,,,,,,,,,,,,,,,,lb,,,,,,,
baby-bubble-name-necklace,,,,,,,,,14K Rose,,6,,"15-16""",'18437,0.0,,-2,deny,manual,895.00,,true,false,"",,,,,,,,,,,,,,,,,,,lb,,,,,,,
baby-bubble-name-necklace,,,,,,,,,14K Rose,,6,,"16-17""",'18438,0.0,,0,deny,manual,895.00,,true,false,"",,,,,,,,,,,,,,,,,,,lb,,,,,,,
baby-bubble-name-necklace,,,,,,,,,14K Rose,,6,,"17-18""",'18439,0.0,,0,deny,manual,895.00,,true,false,"",,,,,,,,,,,,,,,,,,,lb,,,,,,,
baby-bubble-name-necklace,,,,,,,,,14K Rose,,7,,"15-16""",'18440,0.0,,0,deny,manual,995.00,,true,false,"",,,,,,,,,,,,,,,,,,,lb,,,,,,,
baby-bubble-name-necklace,,,,,,,,,14K Rose,,7,,"16-17""",'18441,0.0,,0,deny,manual,995.00,,true,false,"",,,,,,,,,,,,,,,,,,,lb,,,,,,,
baby-bubble-name-necklace,,,,,,,,,14K Rose,,7,,"17-18""",'18442,0.0,,0,deny,manual,995.00,,true,false,"",,,,,,,,,,,,,,,,,,,lb,,,,,,,
baby-bubble-name-necklace,,,,,,,,,14K Rose,,8,,"15-16""",'18443,0.0,,0,deny,manual,1095.00,,true,false,"",,,,,,,,,,,,,,,,,,,lb,,,,,,,
baby-bubble-name-necklace,,,,,,,,,14K Rose,,8,,"16-17""",'18444,0.0,,0,deny,manual,1095.00,,true,false,"",,,,,,,,,,,,,,,,,,,lb,,,,,,,
baby-bubble-name-necklace,,,,,,,,,14K Rose,,8,,"17-18""",'18445,0.0,,0,deny,manual,1095.00,,true,false,"",,,,,,,,,,,,,,,,,,,lb,,,,,,,
baby-bubble-name-necklace,,,,,,,,,14K Rose,,9,,"15-16""",'18446,0.0,,0,deny,manual,1195.00,,true,false,"",,,,,,,,,,,,,,,,,,,lb,,,,,,,
baby-bubble-name-necklace,,,,,,,,,14K Rose,,9,,"16-17""",'18447,0.0,,0,deny,manual,1195.00,,true,false,"",,,,,,,,,,,,,,,,,,,lb,,,,,,,
baby-bubble-name-necklace,,,,,,,,,14K Rose,,9,,"17-18""",'18448,0.0,,0,deny,manual,1195.00,,true,false,"",,,,,,,,,,,,,,,,,,,lb,,,,,,,
baguette-bar-necklace,Baguette Bar Necklace,"<p>*14k baguette bar necklace.</p>
<p>*Diamond weight: 0.72tw. Color:G-H Clarity:VS.</p>
<p> </p>",Diamond,,Shop,"Dainty, Diamonds, necklace, Necklaces, Pendants",true,Chain Length,"15-16-17""",Gold Color,14K Rose,,,'18375,0.0,,-1,deny,manual,1450.00,,true,false,"",https://cdn.shopify.com/s/files/1/0807/2966/9928/products/image_dc24d740-359d-4404-9ea8-b642269b615b.jpg?v=1691755927,1,,false,,,,,,,,,,,,,,,lb,,,true,true,,,active
baguette-bar-necklace,,,,,,,,,"15-16-17""",,14K Yellow,,,'18375,0.0,shopify,0,continue,manual,1450.00,,true,false,"",https://cdn.shopify.com/s/files/1/0807/2966/9928/products/image_10f44aff-18e9-4674-9fe2-9379badadf24.jpg?v=1691755928,2,,,,,,,,,,,,,,,,,lb,,,,,,,
baguette-bar-necklace,,,,,,,,,"15-16-17""",,14K White,,,'18375,0.0,,0,deny,manual,1450.00,,true,false,"",,,,,,,,,,,,,,,,,,,lb,,,,,,,
baguette-bar-necklace,,,,,,,,,"16-17-18""",,14K Rose,,,'18375,0.0,,0,deny,manual,1450.00,,true,false,"",,,,,,,,,,,,,,,,,,,lb,,,,,,,
baguette-bar-necklace,,,,,,,,,"16-17-18""",,14K Yellow,,,'18375,0.0,shopify,-2,continue,manual,1450.00,,true,false,"",,,,,,,,,,,,,,,,,,,lb,,,,,,,
baguette-bar-necklace,,,,,,,,,"16-17-18""",,14K White,,,'18375,0.0,,0,deny,manual,1450.00,,true,false,"",,,,,,,,,,,,,,,,,,,lb,,,,,,,
baguette-bar-necklace,,,,,,,,,"17-18-19""",,14K Rose,,,'18375,0.0,,0,deny,manual,1450.00,,true,false,"",,,,,,,,,,,,,,,,,,,lb,,,,,,,
baguette-bar-necklace,,,,,,,,,"17-18-19""",,14K Yellow,,,'18375,0.0,shopify,0,continue,manual,1450.00,,true,false,"",,,,,,,,,,,,,,,,,,,lb,,,,,,,
baguette-bar-necklace,,,,,,,,,"17-18-19""",,14K White,,,'18375,0.0,,-2,deny,manual,1450.00,,true,false,"",,,,,,,,,,,,,,,,,,,lb,,,,,,,
baguette-y-necklace,"Baguette ""Y"" Necklace","<p>*Diamond baguette ""Y"" necklace.</p>
<p>*Diamond weight: 0.27tw. F-G/VS.</p>
<p>*Shown is: 17"" in length, 4"" inch drop.</p>
<p><br></p>
<p> </p>",Diamond,,Shop,"Dainty, Diamond By The Yard, Diamonds, Necklaces, Nicole Rose Gifts Under $1500, Nikki K Collection $795 or less, Unique",true,Gold Color,14k yellow,Chain Length,"15""",,,'17332,0.0,,0,deny,manual,880.00,,true,false,"",https://cdn.shopify.com/s/files/1/0807/2966/9928/products/image_8059bee4-9f4f-4f40-8ef7-f6238108125c.jpg?v=1691755937,1,,false,,,,,,,,,,,,,,,lb,,,true,true,,,active
baguette-y-necklace,,,,,,,,,14k yellow,,"16""",,,'17332,0.0,,-1,deny,manual,880.00,,true,false,"",https://cdn.shopify.com/s/files/1/0807/2966/9928/products/image_4c35b097-3fe6-437d-91bc-968a89b042f2.jpg?v=1691755937,2,,,,,,,,,,,,,,,,,lb,,,,,,,
baguette-y-necklace,,,,,,,,,14k yellow,,"17""",,,'17332,0.0,shopify,0,continue,manual,880.00,,true,false,"",https://cdn.shopify.com/s/files/1/0807/2966/9928/products/image_d23c770f-c2b0-464c-aaa8-12524929a078.jpg?v=1691755938,3,,,,,,,,,,,,,,,,,lb,,,,,,,
baguette-y-necklace,,,,,,,,,14k yellow,,"18""",,,'17332,0.0,shopify,1,continue,manual,880.00,,true,false,"",,,,,,,,,,,,,,,,,,,lb,,370.00,,,,,
baguette-y-necklace,,,,,,,,,14k yellow,,"19""",,,'17332,0.0,,-3,deny,manual,880.00,,true,false,"",,,,,,,,,,,,,,,,,,,lb,,,,,,,
baguette-y-necklace,,,,,,,,,14k white,,"15""",,,'17332,0.0,,0,deny,manual,880.00,,true,false,"",,,,,,,,,,,,,,,,,,,lb,,,,,,,
baguette-y-necklace,,,,,,,,,14k white,,"16""",,,'17332,0.0,,-1,deny,manual,880.00,,true,false,"",,,,,,,,,,,,,,,,,,,lb,,,,,,,
baguette-y-necklace,,,,,,,,,14k white,,"17""",,,'17332,0.0,,-1,deny,manual,880.00,,true,false,"",,,,,,,,,,,,,,,,,,,lb,,,,,,,
baguette-y-necklace,,,,,,,,,14k white,,"18""",,,'17332,0.0,,-1,deny,manual,880.00,,true,false,"",,,,,,,,,,,,,,,,,,,lb,,,,,,,
baguette-y-necklace,,,,,,,,,14k white,,"19""",,,'17332,0.0,shopify,0,deny,manual,880.00,,true,false,"",,,,,,,,,,,,,,,,,,,lb,,,,,,,
baguette-y-necklace,,,,,,,,,14k rose,,"15""",,,'17332,0.0,,0,deny,manual,880.00,,true,false,"",,,,,,,,,,,,,,,,,,,lb,,,,,,,
baguette-y-necklace,,,,,,,,,14k rose,,"16""",,,'17332,0.0,,0,deny,manual,880.00,,true,false,"",,,,,,,,,,,,,,,,,,,lb,,,,,,,
baguette-y-necklace,,,,,,,,,14k rose,,"17""",,,'17332,0.0,,-1,deny,manual,880.00,,true,false,"",,,,,,,,,,,,,,,,,,,lb,,,,,,,
baguette-y-necklace,,,,,,,,,14k rose,,"18""",,,'17332,0.0,,-1,deny,manual,880.00,,true,false,"",,,,,,,,,,,,,,,,,,,lb,,,,,,,
baguette-y-necklace,,,,,,,,,14k rose,,"19""",,,'17332,0.0,,-1,deny,manual,880.00,,true,false,"",,,,,,,,,,,,,,,,,,,lb,,,,,,,
baguette-y-necklace,,,,,,,,,14k yellow,,"17-18-19""",,,'17332,0.0,shopify,3,continue,manual,880.00,,true,false,"",,,,,,,,,,,,,,,,,,,lb,,410.00,,,,,
baguette-y-necklace,,,,,,,,,14k white,,"17-18-19""",,,'17332,0.0,shopify,3,continue,manual,880.00,,true,false,"",,,,,,,,,,,,,,,,,,,lb,,395.00,,,,,
baguette-y-necklace,,,,,,,,,14k rose,,"17-18-19""",,,'17332,0.0,shopify,1,continue,manual,880.00,,true,false,"",,,,,,,,,,,,,,,,,,,lb,,395.00,,,,,
bezel-set-diamond-illusion-pendant,Bezel Set Diamond Illusion Pendant,"<p>*18k diamond illusion pendant.</p>
<p>*Fancy shape diamond weight: 0.97tw. Color:G-H Clarity:VS.</p>
<p>*Measurements: <span>11 mm x 8.5 mm.</span></p>
<p> </p>",Diamond,,Shop,"Dainty, Diamonds, Necklaces, Pendants, Wedding Jewels",true,Color Gold,18k yellow,Adjustable Chain Length,"15-16""",,,'17803,0.0,,0,deny,manual,3895.00,,true,false,"",https://cdn.shopify.com/s/files/1/0807/2966/9928/products/image_0f87b3a4-7c41-4bd0-9b0c-6ef9a1032377.jpg?v=1691755944,1,,false,,,,,,,,,,,,,,,lb,,,true,true,,,active
bezel-set-diamond-illusion-pendant,,,,,,,,,18k yellow,,"16-17""",,,'17804,0.0,,0,deny,manual,3895.00,,true,false,"",https://cdn.shopify.com/s/files/1/0807/2966/9928/products/image_4ef08c1f-6bfa-4aa0-8d1f-470016c67c28.jpg?v=1691755944,2,,,,,,,,,,,,,,,,,lb,,,,,,,
bezel-set-diamond-illusion-pendant,,,,,,,,,18k yellow,,"17-18""",,,'17805,0.0,,0,deny,manual,3895.00,,true,false,"",https://cdn.shopify.com/s/files/1/0807/2966/9928/products/image_1289b9f6-30e9-40ee-9116-972b7faaa144.jpg?v=1691755944,3,,,,,,,,,,,,,,,,,lb,,,,,,,
bezel-set-diamond-illusion-pendant,,,,,,,,,18k yellow,,"18-19""",,,'17806,0.0,,0,deny,manual,3895.00,,true,false,"",,,,,,,,,,,,,,,,,,,lb,,,,,,,
bezel-set-diamond-illusion-pendant,,,,,,,,,18k white,,"15-16""",,,'17807,0.0,,0,deny,manual,3895.00,,true,false,"",,,,,,,,,,,,,,,,,,,lb,,,,,,,
bezel-set-diamond-illusion-pendant,,,,,,,,,18k white,,"16-17""",,,'17808,0.0,shopify,0,continue,manual,3895.00,,true,false,"",,,,,,,,,,,,,,,,,,,lb,,,,,,,
bezel-set-diamond-illusion-pendant,,,,,,,,,18k white,,"17-18""",,,'17809,0.0,,0,deny,manual,3895.00,,true,false,"",,,,,,,,,,,,,,,,,,,lb,,,,,,,
bezel-set-diamond-illusion-pendant,,,,,,,,,18k white,,"18-19""",,,'17810,0.0,,-1,deny,manual,3895.00,,true,false,"",,,,,,,,,,,,,,,,,,,lb,,,,,,,
bezel-set-diamond-illusion-pendant,,,,,,,,,18k rose,,"15-16""",,,'17811,0.0,,0,deny,manual,3895.00,,true,false,"",,,,,,,,,,,,,,,,,,,lb,,,,,,,
bezel-set-diamond-illusion-pendant,,,,,,,,,18k rose,,"16-17""",,,'17812,0.0,,0,deny,manual,3895.00,,true,false,"",,,,,,,,,,,,,,,,,,,lb,,,,,,,
bezel-set-diamond-illusion-pendant,,,,,,,,,18k rose,,"17-18""",,,'17813,0.0,,0,deny,manual,3895.00,,true,false,"",,,,,,,,,,,,,,,,,,,lb,,,,,,,
bezel-set-diamond-illusion-pendant,,,,,,,,,18k rose,,"18-19""",,,'17814,0.0,,0,deny,manual,3895.00,,true,false,"",,,,,,,,,,,,,,,,,,,lb,,,,,,,
black-diamond-mother-of-pearl-letter,Black Diamond Mother of Pearl Letter,"<p>Black diamond mother of pearl letter pendant.</p>
<p>*Black diamond weight:0.16tw.</p>
<p>*Carat weight varies per letter.</p>
<p>*Letter size: 10mm.</p>
<meta charset=""UTF-8"">
<p>*Each mother of pearl is different from the other. Not one is alike.</p>
<p><span>*Please note: Avoid the exposure of mother of pearl to coarse chemicals and water. Examples: Perfumes, citrus juice, chlorine, and any type of soap. It may contain harsh chemicals and which can be degrading to mother of pearl. If your jewelry needs to be cleaned, then you can use warm, soapy water only on the letter with soft tooth brush to clean the diamonds. </span></p>
<p> </p>",vendor-unknown,,Shop,"Black Diamond, By Category, By Collection, Diamonds, engrave_initial_required, extra-delivery, Initials & Names, Necklaces, Nicole Rose Gifts Under $1500, Pearl, Pendants, Personalized",true,14k Gold Color,14k White Gold,Necklace Length,15 inch,Color,Pink Rainbow Mother of Pearl,SKU15635-C0BB5DB1,0.0,,0,deny,manual,605.00,,true,false,,https://cdn.shopify.com/s/files/1/0807/2966/9928/products/15635__37284.1556504793.1280.1280.jpg?v=1691755947,1,Black Diamond Mother of Pearl Letter,false,,,,,,,,,,,,,,https://cdn.shopify.com/s/files/1/0807/2966/9928/products/15635__37284.1556504793.1280.1280.jpg?v=1691755947,oz,,,true,true,,,active
black-diamond-mother-of-pearl-letter,,,,,,,,,14k Yellow Gold,,15 inch,,Pink Rainbow Mother of Pearl,SKU15635-EA8E09FF,0.0,,0,deny,manual,605.00,,true,false,,https://cdn.shopify.com/s/files/1/0807/2966/9928/products/32834961-F036-4F4E-844C-9421D11BAF02__38837.1556506279.1280.1280.jpg?v=1691755947,2,Black Diamond Mother of Pearl Letter,,,,,,,,,,,,,,,https://cdn.shopify.com/s/files/1/0807/2966/9928/products/15635__37284.1556504793.1280.1280.jpg?v=1691755947,oz,,,,,,,
black-diamond-mother-of-pearl-letter,,,,,,,,,14k Rose Gold,,15 inch,,Pink Rainbow Mother of Pearl,SKU15635-A5D6E2F3,0.0,,0,deny,manual,605.00,,true,false,,,,,,,,,,,,,,,,,,,https://cdn.shopify.com/s/files/1/0807/2966/9928/products/15635__37284.1556504793.1280.1280.jpg?v=1691755947,oz,,,,,,,
black-diamond-mother-of-pearl-letter,,,,,,,,,14k White Gold,,15 inch,,Dark Rainbow Mother of Pearl,SKU15635-7D282C92,0.0,,0,deny,manual,605.00,,true,false,,,,,,,,,,,,,,,,,,,https://cdn.shopify.com/s/files/1/0807/2966/9928/products/15635__37284.1556504793.1280.1280.jpg?v=1691755947,oz,,,,,,,
black-diamond-mother-of-pearl-letter,,,,,,,,,14k Yellow Gold,,15 inch,,Dark Rainbow Mother of Pearl,SKU15635-7A671C75,0.0,,0,deny,manual,605.00,,true,false,,,,,,,,,,,,,,,,,,,https://cdn.shopify.com/s/files/1/0807/2966/9928/products/15635__37284.1556504793.1280.1280.jpg?v=1691755947,oz,,,,,,,
black-diamond-mother-of-pearl-letter,,,,,,,,,14k Rose Gold,,15 inch,,Dark Rainbow Mother of Pearl,SKU15635-F57F0139,0.0,,0,deny,manual,605.00,,true,false,,,,,,,,,,,,,,,,,,,https://cdn.shopify.com/s/files/1/0807/2966/9928/products/15635__37284.1556504793.1280.1280.jpg?v=1691755947,oz,,,,,,,
black-diamond-mother-of-pearl-letter,,,,,,,,,14k White Gold,,15 inch,,White Rainbow Mother of Pearl,SKU15635-F55D20E2,0.0,,0,deny,manual,605.00,,true,false,,,,,,,,,,,,,,,,,,,https://cdn.shopify.com/s/files/1/0807/2966/9928/products/15635__37284.1556504793.1280.1280.jpg?v=1691755947,oz,,,,,,,
black-diamond-mother-of-pearl-letter,,,,,,,,,14k Yellow Gold,,15 inch,,White Rainbow Mother of Pearl,SKU15635-9A5F02A6,0.0,,0,deny,manual,605.00,,true,false,,,,,,,,,,,,,,,,,,,https://cdn.shopify.com/s/files/1/0807/2966/9928/products/15635__37284.1556504793.1280.1280.jpg?v=1691755947,oz,,,,,,,
black-diamond-mother-of-pearl-letter,,,,,,,,,14k Rose Gold,,15 inch,,White Rainbow Mother of Pearl,SKU15635-3317C431,0.0,,0,deny,manual,605.00,,true,false,,,,,,,,,,,,,,,,,,,https://cdn.shopify.com/s/files/1/0807/2966/9928/products/15635__37284.1556504793.1280.1280.jpg?v=1691755947,oz,,,,,,,
black-diamond-mother-of-pearl-letter,,,,,,,,,14k White Gold,,15 inch,,Black Onyx,SKU15635-AD76595B,0.0,,0,deny,manual,605.00,,true,false,,,,,,,,,,,,,,,,,,,https://cdn.shopify.com/s/files/1/0807/2966/9928/products/15635__37284.1556504793.1280.1280.jpg?v=1691755947,oz,,,,,,,
black-diamond-mother-of-pearl-letter,,,,,,,,,14k Yellow Gold,,15 inch,,Black Onyx,SKU15635-E380F776,0.0,,-1,deny,manual,605.00,,true,false,,,,,,,,,,,,,,,,,,,https://cdn.shopify.com/s/files/1/0807/2966/9928/products/15635__37284.1556504793.1280.1280.jpg?v=1691755947,oz,,,,,,,
black-diamond-mother-of-pearl-letter,,,,,,,,,14k Rose Gold,,15 inch,,Black Onyx,SKU15635-9F9D0430,0.0,,0,deny,manual,605.00,,true,false,,,,,,,,,,,,,,,,,,,https://cdn.shopify.com/s/files/1/0807/2966/9928/products/15635__37284.1556504793.1280.1280.jpg?v=1691755947,oz,,,,,,,
black-diamond-mother-of-pearl-letter,,,,,,,,,14k White Gold,,16 inch,,Pink Rainbow Mother of Pearl,SKU15635-A314E529,0.0,,0,deny,manual,605.00,,true,false,,,,,,,,,,,,,,,,,,,https://cdn.shopify.com/s/files/1/0807/2966/9928/products/15635__37284.1556504793.1280.1280.jpg?v=1691755947,oz,,,,,,,
black-diamond-mother-of-pearl-letter,,,,,,,,,14k Yellow Gold,,16 inch,,Pink Rainbow Mother of Pearl,SKU15635-D35BCD8C,0.0,,0,deny,manual,605.00,,true,false,,,,,,,,,,,,,,,,,,,https://cdn.shopify.com/s/files/1/0807/2966/9928/products/15635__37284.1556504793.1280.1280.jpg?v=1691755947,oz,,,,,,,
black-diamond-mother-of-pearl-letter,,,,,,,,,14k Rose Gold,,16 inch,,Pink Rainbow Mother of Pearl,SKU15635-FE348D28,0.0,,0,deny,manual,605.00,,true,false,,,,,,,,,,,,,,,,,,,https://cdn.shopify.com/s/files/1/0807/2966/9928/products/15635__37284.1556504793.1280.1280.jpg?v=1691755947,oz,,,,,,,
black-diamond-mother-of-pearl-letter,,,,,,,,,14k White Gold,,16 inch,,Dark Rainbow Mother of Pearl,SKU15635-787BC6F4,0.0,,0,deny,manual,605.00,,true,false,,,,,,,,,,,,,,,,,,,https://cdn.shopify.com/s/files/1/0807/2966/9928/products/15635__37284.1556504793.1280.1280.jpg?v=1691755947,oz,,,,,,,
black-diamond-mother-of-pearl-letter,,,,,,,,,14k Yellow Gold,,16 inch,,Dark Rainbow Mother of Pearl,SKU15635-0593DCA8,0.0,,0,deny,manual,605.00,,true,false,,,,,,,,,,,,,,,,,,,https://cdn.shopify.com/s/files/1/0807/2966/9928/products/15635__37284.1556504793.1280.1280.jpg?v=1691755947,oz,,,,,,,
black-diamond-mother-of-pearl-letter,,,,,,,,,14k Rose Gold,,16 inch,,Dark Rainbow Mother of Pearl,SKU15635-C0B2CC24,0.0,,0,deny,manual,605.00,,true,false,,,,,,,,,,,,,,,,,,,https://cdn.shopify.com/s/files/1/0807/2966/9928/products/15635__37284.1556504793.1280.1280.jpg?v=1691755947,oz,,,,,,,
black-diamond-mother-of-pearl-letter,,,,,,,,,14k White Gold,,16 inch,,White Rainbow Mother of Pearl,SKU15635-C9B50251,0.0,,0,deny,manual,605.00,,true,false,,,,,,,,,,,,,,,,,,,https://cdn.shopify.com/s/files/1/0807/2966/9928/products/15635__37284.1556504793.1280.1280.jpg?v=1691755947,oz,,,,,,,
black-diamond-mother-of-pearl-letter,,,,,,,,,14k Yellow Gold,,16 inch,,White Rainbow Mother of Pearl,SKU15635-9ED75A0E,0.0,,0,deny,manual,605.00,,true,false,,,,,,,,,,,,,,,,,,,https://cdn.shopify.com/s/files/1/0807/2966/9928/products/15635__37284.1556504793.1280.1280.jpg?v=1691755947,oz,,,,,,,
black-diamond-mother-of-pearl-letter,,,,,,,,,14k Rose Gold,,16 inch,,White Rainbow Mother of Pearl,SKU15635-D2B8202C,0.0,,0,deny,manual,605.00,,true,false,,,,,,,,,,,,,,,,,,,https://cdn.shopify.com/s/files/1/0807/2966/9928/products/15635__37284.1556504793.1280.1280.jpg?v=1691755947,oz,,,,,,,
black-diamond-mother-of-pearl-letter,,,,,,,,,14k White Gold,,16 inch,,Black Onyx,SKU15635-63C58EDA,0.0,,0,deny,manual,605.00,,true,false,,,,,,,,,,,,,,,,,,,https://cdn.shopify.com/s/files/1/0807/2966/9928/products/15635__37284.1556504793.1280.1280.jpg?v=1691755947,oz,,,,,,,
black-diamond-mother-of-pearl-letter,,,,,,,,,14k Yellow Gold,,16 inch,,Black Onyx,SKU15635-90420877,0.0,,0,deny,manual,605.00,,true,false,,,,,,,,,,,,,,,,,,,https://cdn.shopify.com/s/files/1/0807/2966/9928/products/15635__37284.1556504793.1280.1280.jpg?v=1691755947,oz,,,,,,,
black-diamond-mother-of-pearl-letter,,,,,,,,,14k Rose Gold,,16 inch,,Black Onyx,SKU15635-BD5B5B6D,0.0,,0,deny,manual,605.00,,true,false,,,,,,,,,,,,,,,,,,,https://cdn.shopify.com/s/files/1/0807/2966/9928/products/15635__37284.1556504793.1280.1280.jpg?v=1691755947,oz,,,,,,,
black-diamond-mother-of-pearl-letter,,,,,,,,,14k White Gold,,17 inch,,Pink Rainbow Mother of Pearl,SKU15635-6958B9C0,0.0,,0,deny,manual,605.00,,true,false,,,,,,,,,,,,,,,,,,,https://cdn.shopify.com/s/files/1/0807/2966/9928/products/15635__37284.1556504793.1280.1280.jpg?v=1691755947,oz,,,,,,,
black-diamond-mother-of-pearl-letter,,,,,,,,,14k Yellow Gold,,17 inch,,Pink Rainbow Mother of Pearl,SKU15635-7F508DF5,0.0,,0,deny,manual,605.00,,true,false,,,,,,,,,,,,,,,,,,,https://cdn.shopify.com/s/files/1/0807/2966/9928/products/15635__37284.1556504793.1280.1280.jpg?v=1691755947,oz,,,,,,,
black-diamond-mother-of-pearl-letter,,,,,,,,,14k Rose Gold,,17 inch,,Pink Rainbow Mother of Pearl,SKU15635-DE3AA832,0.0,,0,deny,manual,605.00,,true,false,,,,,,,,,,,,,,,,,,,https://cdn.shopify.com/s/files/1/0807/2966/9928/products/15635__37284.1556504793.1280.1280.jpg?v=1691755947,oz,,,,,,,
black-diamond-mother-of-pearl-letter,,,,,,,,,14k White Gold,,17 inch,,Dark Rainbow Mother of Pearl,SKU15635-270677F8,0.0,,0,deny,manual,605.00,,true,false,,,,,,,,,,,,,,,,,,,https://cdn.shopify.com/s/files/1/0807/2966/9928/products/15635__37284.1556504793.1280.1280.jpg?v=1691755947,oz,,,,,,,
black-diamond-mother-of-pearl-letter,,,,,,,,,14k Yellow Gold,,17 inch,,Dark Rainbow Mother of Pearl,SKU15635-D82E0132,0.0,,0,deny,manual,605.00,,true,false,,,,,,,,,,,,,,,,,,,https://cdn.shopify.com/s/files/1/0807/2966/9928/products/15635__37284.1556504793.1280.1280.jpg?v=1691755947,oz,,,,,,,
black-diamond-mother-of-pearl-letter,,,,,,,,,14k Rose Gold,,17 inch,,Dark Rainbow Mother of Pearl,SKU15635-12CD2B0E,0.0,,0,deny,manual,605.00,,true,false,,,,,,,,,,,,,,,,,,,https://cdn.shopify.com/s/files/1/0807/2966/9928/products/15635__37284.1556504793.1280.1280.jpg?v=1691755947,oz,,,,,,,
black-diamond-mother-of-pearl-letter,,,,,,,,,14k White Gold,,17 inch,,White Rainbow Mother of Pearl,SKU15635-E6CDEF9E,0.0,,0,deny,manual,605.00,,true,false,,,,,,,,,,,,,,,,,,,https://cdn.shopify.com/s/files/1/0807/2966/9928/products/15635__37284.1556504793.1280.1280.jpg?v=1691755947,oz,,,,,,,
black-diamond-mother-of-pearl-letter,,,,,,,,,14k Yellow Gold,,17 inch,,White Rainbow Mother of Pearl,SKU15635-2E120CA8,0.0,,0,deny,manual,605.00,,true,false,,,,,,,,,,,,,,,,,,,https://cdn.shopify.com/s/files/1/0807/2966/9928/products/15635__37284.1556504793.1280.1280.jpg?v=1691755947,oz,,,,,,,
black-diamond-mother-of-pearl-letter,,,,,,,,,14k Rose Gold,,17 inch,,White Rainbow Mother of Pearl,SKU15635-31B27937,0.0,,0,deny,manual,605.00,,true,false,,,,,,,,,,,,,,,,,,,https://cdn.shopify.com/s/files/1/0807/2966/9928/products/15635__37284.1556504793.1280.1280.jpg?v=1691755947,oz,,,,,,,
black-diamond-mother-of-pearl-letter,,,,,,,,,14k White Gold,,17 inch,,Black Onyx,SKU15635-A5AFEB83,0.0,,0,deny,manual,605.00,,true,false,,,,,,,,,,,,,,,,,,,https://cdn.shopify.com/s/files/1/0807/2966/9928/products/15635__37284.1556504793.1280.1280.jpg?v=1691755947,oz,,,,,,,
black-diamond-mother-of-pearl-letter,,,,,,,,,14k Yellow Gold,,17 inch,,Black Onyx,SKU15635-E1E11FA6,0.0,,0,deny,manual,605.00,,true,false,,,,,,,,,,,,,,,,,,,https://cdn.shopify.com/s/files/1/0807/2966/9928/products/15635__37284.1556504793.1280.1280.jpg?v=1691755947,oz,,,,,,,
black-diamond-mother-of-pearl-letter,,,,,,,,,14k Rose Gold,,17 inch,,Black Onyx,SKU15635-88DD4A11,0.0,,0,deny,manual,605.00,,true,false,,,,,,,,,,,,,,,,,,,https://cdn.shopify.com/s/files/1/0807/2966/9928/products/15635__37284.1556504793.1280.1280.jpg?v=1691755947,oz,,,,,,,
black-diamond-mother-of-pearl-letter,,,,,,,,,14k White Gold,,18 inch,,Pink Rainbow Mother of Pearl,SKU15635-4D1B8433,0.0,,0,deny,manual,605.00,,true,false,,,,,,,,,,,,,,,,,,,https://cdn.shopify.com/s/files/1/0807/2966/9928/products/15635__37284.1556504793.1280.1280.jpg?v=1691755947,oz,,,,,,,
black-diamond-mother-of-pearl-letter,,,,,,,,,14k Yellow Gold,,18 inch,,Pink Rainbow Mother of Pearl,SKU15635-2EB9DFA0,0.0,,0,deny,manual,605.00,,true,false,,,,,,,,,,,,,,,,,,,https://cdn.shopify.com/s/files/1/0807/2966/9928/products/15635__37284.1556504793.1280.1280.jpg?v=1691755947,oz,,,,,,,
black-diamond-mother-of-pearl-letter,,,,,,,,,14k Rose Gold,,18 inch,,Pink Rainbow Mother of Pearl,SKU15635-888264A0,0.0,,0,deny,manual,605.00,,true,false,,,,,,,,,,,,,,,,,,,https://cdn.shopify.com/s/files/1/0807/2966/9928/products/15635__37284.1556504793.1280.1280.jpg?v=1691755947,oz,,,,,,,
black-diamond-mother-of-pearl-letter,,,,,,,,,14k White Gold,,18 inch,,Dark Rainbow Mother of Pearl,SKU15635-7A300935,0.0,,0,deny,manual,605.00,,true,false,,,,,,,,,,,,,,,,,,,https://cdn.shopify.com/s/files/1/0807/2966/9928/products/15635__37284.1556504793.1280.1280.jpg?v=1691755947,oz,,,,,,,
black-diamond-mother-of-pearl-letter,,,,,,,,,14k Yellow Gold,,18 inch,,Dark Rainbow Mother of Pearl,SKU15635-A81BD19E,0.0,,0,deny,manual,605.00,,true,false,,,,,,,,,,,,,,,,,,,https://cdn.shopify.com/s/files/1/0807/2966/9928/products/15635__37284.1556504793.1280.1280.jpg?v=1691755947,oz,,,,,,,
black-diamond-mother-of-pearl-letter,,,,,,,,,14k Rose Gold,,18 inch,,Dark Rainbow Mother of Pearl,SKU15635-D0C51A3C,0.0,,0,deny,manual,605.00,,true,false,,,,,,,,,,,,,,,,,,,https://cdn.shopify.com/s/files/1/0807/2966/9928/products/15635__37284.1556504793.1280.1280.jpg?v=1691755947,oz,,,,,,,
black-diamond-mother-of-pearl-letter,,,,,,,,,14k White Gold,,18 inch,,White Rainbow Mother of Pearl,SKU15635-D939E020,0.0,,0,deny,manual,605.00,,true,false,,,,,,,,,,,,,,,,,,,https://cdn.shopify.com/s/files/1/0807/2966/9928/products/15635__37284.1556504793.1280.1280.jpg?v=1691755947,oz,,,,,,,
black-diamond-mother-of-pearl-letter,,,,,,,,,14k Yellow Gold,,18 inch,,White Rainbow Mother of Pearl,SKU15635-6BB791DD,0.0,,0,deny,manual,605.00,,true,false,,,,,,,,,,,,,,,,,,,https://cdn.shopify.com/s/files/1/0807/2966/9928/products/15635__37284.1556504793.1280.1280.jpg?v=1691755947,oz,,,,,,,
black-diamond-mother-of-pearl-letter,,,,,,,,,14k Rose Gold,,18 inch,,White Rainbow Mother of Pearl,SKU15635-375F49C1,0.0,,0,deny,manual,605.00,,true,false,,,,,,,,,,,,,,,,,,,https://cdn.shopify.com/s/files/1/0807/2966/9928/products/15635__37284.1556504793.1280.1280.jpg?v=1691755947,oz,,,,,,,
black-diamond-mother-of-pearl-letter,,,,,,,,,14k White Gold,,18 inch,,Black Onyx,SKU15635-5DC57ECA,0.0,,0,deny,manual,605.00,,true,false,,,,,,,,,,,,,,,,,,,https://cdn.shopify.com/s/files/1/0807/2966/9928/products/15635__37284.1556504793.1280.1280.jpg?v=1691755947,oz,,,,,,,
black-diamond-mother-of-pearl-letter,,,,,,,,,14k Yellow Gold,,18 inch,,Black Onyx,SKU15635-A2FC8555,0.0,,0,deny,manual,605.00,,true,false,,,,,,,,,,,,,,,,,,,https://cdn.shopify.com/s/files/1/0807/2966/9928/products/15635__37284.1556504793.1280.1280.jpg?v=1691755947,oz,,,,,,,
black-diamond-mother-of-pearl-letter,,,,,,,,,14k Rose Gold,,18 inch,,Black Onyx,SKU15635-36F8C609,0.0,,0,deny,manual,605.00,,true,false,,,,,,,,,,,,,,,,,,,https://cdn.shopify.com/s/files/1/0807/2966/9928/products/15635__37284.1556504793.1280.1280.jpg?v=1691755947,oz,,,,,,,
black-diamond-mother-of-pearl-letter,,,,,,,,,14k White Gold,,19 inch,,Pink Rainbow Mother of Pearl,SKU15635-984227CD,0.0,,0,deny,manual,605.00,,true,false,,,,,,,,,,,,,,,,,,,https://cdn.shopify.com/s/files/1/0807/2966/9928/products/15635__37284.1556504793.1280.1280.jpg?v=1691755947,oz,,,,,,,
black-diamond-mother-of-pearl-letter,,,,,,,,,14k Yellow Gold,,19 inch,,Pink Rainbow Mother of Pearl,SKU15635-E3429F98,0.0,,0,deny,manual,605.00,,true,false,,,,,,,,,,,,,,,,,,,https://cdn.shopify.com/s/files/1/0807/2966/9928/products/15635__37284.1556504793.1280.1280.jpg?v=1691755947,oz,,,,,,,
black-diamond-mother-of-pearl-letter,,,,,,,,,14k Rose Gold,,19 inch,,Pink Rainbow Mother of Pearl,SKU15635-71DFD4E3,0.0,,0,deny,manual,605.00,,true,false,,,,,,,,,,,,,,,,,,,https://cdn.shopify.com/s/files/1/0807/2966/9928/products/15635__37284.1556504793.1280.1280.jpg?v=1691755947,oz,,,,,,,
black-diamond-mother-of-pearl-letter,,,,,,,,,14k White Gold,,19 inch,,Dark Rainbow Mother of Pearl,SKU15635-5D6D20A2,0.0,,0,deny,manual,605.00,,true,false,,,,,,,,,,,,,,,,,,,https://cdn.shopify.com/s/files/1/0807/2966/9928/products/15635__37284.1556504793.1280.1280.jpg?v=1691755947,oz,,,,,,,
black-diamond-mother-of-pearl-letter,,,,,,,,,14k Yellow Gold,,19 inch,,Dark Rainbow Mother of Pearl,SKU15635-82B80B8D,0.0,,0,deny,manual,605.00,,true,false,,,,,,,,,,,,,,,,,,,https://cdn.shopify.com/s/files/1/0807/2966/9928/products/15635__37284.1556504793.1280.1280.jpg?v=1691755947,oz,,,,,,,
black-diamond-mother-of-pearl-letter,,,,,,,,,14k Rose Gold,,19 inch,,Dark Rainbow Mother of Pearl,SKU15635-BE2F9027,0.0,,0,deny,manual,605.00,,true,false,,,,,,,,,,,,,,,,,,,https://cdn.shopify.com/s/files/1/0807/2966/9928/products/15635__37284.1556504793.1280.1280.jpg?v=1691755947,oz,,,,,,,
black-diamond-mother-of-pearl-letter,,,,,,,,,14k White Gold,,19 inch,,White Rainbow Mother of Pearl,SKU15635-01DBE1F6,0.0,,0,deny,manual,605.00,,true,false,,,,,,,,,,,,,,,,,,,https://cdn.shopify.com/s/files/1/0807/2966/9928/products/15635__37284.1556504793.1280.1280.jpg?v=1691755947,oz,,,,,,,
black-diamond-mother-of-pearl-letter,,,,,,,,,14k Yellow Gold,,19 inch,,White Rainbow Mother of Pearl,SKU15635-B1822BD7,0.0,,0,deny,manual,605.00,,true,false,,,,,,,,,,,,,,,,,,,https://cdn.shopify.com/s/files/1/0807/2966/9928/products/15635__37284.1556504793.1280.1280.jpg?v=1691755947,oz,,,,,,,
black-diamond-mother-of-pearl-letter,,,,,,,,,14k Rose Gold,,19 inch,,White Rainbow Mother of Pearl,SKU15635-CFA2E961,0.0,,0,deny,manual,605.00,,true,false,,,,,,,,,,,,,,,,,,,https://cdn.shopify.com/s/files/1/0807/2966/9928/products/15635__37284.1556504793.1280.1280.jpg?v=1691755947,oz,,,,,,,
black-diamond-mother-of-pearl-letter,,,,,,,,,14k White Gold,,19 inch,,Black Onyx,SKU15635-DE68DAF4,0.0,,0,deny,manual,605.00,,true,false,,,,,,,,,,,,,,,,,,,https://cdn.shopify.com/s/files/1/0807/2966/9928/products/15635__37284.1556504793.1280.1280.jpg?v=1691755947,oz,,,,,,,
black-diamond-mother-of-pearl-letter,,,,,,,,,14k Yellow Gold,,19 inch,,Black Onyx,SKU15635-D81FA5E8,0.0,,0,deny,manual,605.00,,true,false,,,,,,,,,,,,,,,,,,,https://cdn.shopify.com/s/files/1/0807/2966/9928/products/15635__37284.1556504793.1280.1280.jpg?v=1691755947,oz,,,,,,,
black-diamond-mother-of-pearl-letter,,,,,,,,,14k Rose Gold,,19 inch,,Black Onyx,SKU15635-71F92846,0.0,,0,deny,manual,605.00,,true,false,,,,,,,,,,,,,,,,,,,https://cdn.shopify.com/s/files/1/0807/2966/9928/products/15635__37284.1556504793.1280.1280.jpg?v=1691755947,oz,,,,,,,
black-diamond-mother-of-pearl-letter,,,,,,,,,14k White Gold,,20 inch,,Pink Rainbow Mother of Pearl,SKU15635-E971E0A5,0.0,,0,deny,manual,605.00,,true,false,,,,,,,,,,,,,,,,,,,https://cdn.shopify.com/s/files/1/0807/2966/9928/products/15635__37284.1556504793.1280.1280.jpg?v=1691755947,oz,,,,,,,
black-diamond-mother-of-pearl-letter,,,,,,,,,14k Yellow Gold,,20 inch,,Pink Rainbow Mother of Pearl,SKU15635-F49ADD85,0.0,,0,deny,manual,605.00,,true,false,,,,,,,,,,,,,,,,,,,https://cdn.shopify.com/s/files/1/0807/2966/9928/products/15635__37284.1556504793.1280.1280.jpg?v=1691755947,oz,,,,,,,
black-diamond-mother-of-pearl-letter,,,,,,,,,14k Rose Gold,,20 inch,,Pink Rainbow Mother of Pearl,SKU15635-002A038D,0.0,,0,deny,manual,605.00,,true,false,,,,,,,,,,,,,,,,,,,https://cdn.shopify.com/s/files/1/0807/2966/9928/products/15635__37284.1556504793.1280.1280.jpg?v=1691755947,oz,,,,,,,
black-diamond-mother-of-pearl-letter,,,,,,,,,14k White Gold,,20 inch,,Dark Rainbow Mother of Pearl,SKU15635-7E27C01F,0.0,,0,deny,manual,605.00,,true,false,,,,,,,,,,,,,,,,,,,https://cdn.shopify.com/s/files/1/0807/2966/9928/products/15635__37284.1556504793.1280.1280.jpg?v=1691755947,oz,,,,,,,
black-diamond-mother-of-pearl-letter,,,,,,,,,14k Yellow Gold,,20 inch,,Dark Rainbow Mother of Pearl,SKU15635-BDFBF2BA,0.0,,0,deny,manual,605.00,,true,false,,,,,,,,,,,,,,,,,,,https://cdn.shopify.com/s/files/1/0807/2966/9928/products/15635__37284.1556504793.1280.1280.jpg?v=1691755947,oz,,,,,,,
black-diamond-mother-of-pearl-letter,,,,,,,,,14k Rose Gold,,20 inch,,Dark Rainbow Mother of Pearl,SKU15635-9B99D17A,0.0,,0,deny,manual,605.00,,true,false,,,,,,,,,,,,,,,,,,,https://cdn.shopify.com/s/files/1/0807/2966/9928/products/15635__37284.1556504793.1280.1280.jpg?v=1691755947,oz,,,,,,,
black-diamond-mother-of-pearl-letter,,,,,,,,,14k White Gold,,20 inch,,White Rainbow Mother of Pearl,SKU15635-C4084222,0.0,,0,deny,manual,605.00,,true,false,,,,,,,,,,,,,,,,,,,https://cdn.shopify.com/s/files/1/0807/2966/9928/products/15635__37284.1556504793.1280.1280.jpg?v=1691755947,oz,,,,,,,
black-diamond-mother-of-pearl-letter,,,,,,,,,14k Yellow Gold,,20 inch,,White Rainbow Mother of Pearl,SKU15635-486AE0AF,0.0,,0,deny,manual,605.00,,true,false,,,,,,,,,,,,,,,,,,,https://cdn.shopify.com/s/files/1/0807/2966/9928/products/15635__37284.1556504793.1280.1280.jpg?v=1691755947,oz,,,,,,,
black-diamond-mother-of-pearl-letter,,,,,,,,,14k Rose Gold,,20 inch,,White Rainbow Mother of Pearl,SKU15635-139ABF57,0.0,,0,deny,manual,605.00,,true,false,,,,,,,,,,,,,,,,,,,https://cdn.shopify.com/s/files/1/0807/2966/9928/products/15635__37284.1556504793.1280.1280.jpg?v=1691755947,oz,,,,,,,
black-diamond-mother-of-pearl-letter,,,,,,,,,14k White Gold,,20 inch,,Black Onyx,SKU15635-EA3FD061,0.0,,0,deny,manual,605.00,,true,false,,,,,,,,,,,,,,,,,,,https://cdn.shopify.com/s/files/1/0807/2966/9928/products/15635__37284.1556504793.1280.1280.jpg?v=1691755947,oz,,,,,,,
black-diamond-mother-of-pearl-letter,,,,,,,,,14k Yellow Gold,,20 inch,,Black Onyx,SKU15635-3239071F,0.0,,0,deny,manual,605.00,,true,false,,,,,,,,,,,,,,,,,,,https://cdn.shopify.com/s/files/1/0807/2966/9928/products/15635__37284.1556504793.1280.1280.jpg?v=1691755947,oz,,,,,,,
black-diamond-mother-of-pearl-letter,,,,,,,,,14k Rose Gold,,20 inch,,Black Onyx,SKU15635-B0D37FEB,0.0,,0,deny,manual,605.00,,true,false,,,,,,,,,,,,,,,,,,,https://cdn.shopify.com/s/files/1/0807/2966/9928/products/15635__37284.1556504793.1280.1280.jpg?v=1691755947,oz,,,,,,,
cable-chain-necklace-with-diamond-charm,Cable Chain Necklace With Diamond Charm,"<p>14k gold link chain with baguette diamond charm.</p>
<p>*Diamond weight: 0.15ct Color:G-H Clarity:VS.</p>
<p>*Length is 18""</p>
<p>*Available to order in rose, yellow and white gold.</p>
<p>*Please allow 3-4 weeks for delivery.</p>",Diamond,,Shop,"Chain Necklaces, Dainty, delivery-window_6-9, Diamonds, Necklaces, Nicole Rose Gifts Under $1500, Nikki K Collection $795 or less",true,Gold,14k yellow gold,,,,,'16166,0.0,,-17,continue,manual,695.00,,true,true,"",https://cdn.shopify.com/s/files/1/0807/2966/9928/products/M_chain-neck1.jpg?v=1691755956,1,,false,,,,,,,,,,,,,,,lb,,,true,true,,,active
cable-chain-necklace-with-diamond-charm,,,,,,,,,14k white gold,,,,,'16166,0.0,,-2,continue,manual,695.00,,true,true,"",https://cdn.shopify.com/s/files/1/0807/2966/9928/products/M_chain-neck1back.jpg?v=1691755956,2,,,,,,,,,,,,,,,,,lb,,,,,,,
cable-chain-necklace-with-diamond-charm,,,,,,,,,14k rose gold,,,,,'16166,0.0,,0,continue,manual,695.00,,true,true,"",https://cdn.shopify.com/s/files/1/0807/2966/9928/products/fullsizeoutput_492a.jpg?v=1691755956,3,,,,,,,,,,,,,,,,,lb,,,,,,,
celestial-diamond-sun-pendant,Celestial Diamond Sun Pendant,"<p>*14k diamond celestial sun pendant.</p>
<p>*Diamond weight: 0.36tw. G-H/VS.</p>
<p> </p>",Nicole Rose Fine Jewelry,,Shop,"Dainty, delivery-window_6-9, Diamonds, Nature, Necklaces, Nicole Rose Gifts Under $1500, Pendants",true,Gold Color,14k yellow,Chain Length,"15-16""",,,'17929,0.0,,0,deny,manual,940.00,,true,false,"",https://cdn.shopify.com/s/files/1/0807/2966/9928/products/17929.jpg?v=1691755960,1,,false,,,,,,,,,,,,,,,lb,,,true,true,,,active
celestial-diamond-sun-pendant,,,,,,,,,14k yellow,,"16-17""",,,'17930,0.0,shopify,0,continue,manual,940.00,,true,false,"",https://cdn.shopify.com/s/files/1/0807/2966/9928/products/sun.jpg?v=1691755960,2,,,,,,,,,,,,,,,,,lb,,,,,,,
celestial-diamond-sun-pendant,,,,,,,,,14k yellow,,"17-18""",,,'17931,0.0,,0,deny,manual,940.00,,true,false,"",,,,,,,,,,,,,,,,,,,lb,,,,,,,
celestial-diamond-sun-pendant,,,,,,,,,14k yellow,,"18-19""",,,'17932,0.0,,0,deny,manual,940.00,,true,false,"",,,,,,,,,,,,,,,,,,,lb,,,,,,,
celestial-diamond-sun-pendant,,,,,,,,,14k rose,,"15-16""",,,'17933,0.0,,0,deny,manual,940.00,,true,false,"",,,,,,,,,,,,,,,,,,,lb,,,,,,,
celestial-diamond-sun-pendant,,,,,,,,,14k rose,,"16-17""",,,'17934,0.0,,0,deny,manual,940.00,,true,false,"",,,,,,,,,,,,,,,,,,,lb,,,,,,,
celestial-diamond-sun-pendant,,,,,,,,,14k rose,,"17-18""",,,'17935,0.0,,0,deny,manual,940.00,,true,false,"",,,,,,,,,,,,,,,,,,,lb,,,,,,,
celestial-diamond-sun-pendant,,,,,,,,,14k rose,,"18-19""",,,'17936,0.0,,0,deny,manual,940.00,,true,false,"",,,,,,,,,,,,,,,,,,,lb,,,,,,,
celestial-diamond-sun-pendant,,,,,,,,,14k white,,"15-16""",,,'17937,0.0,,0,deny,manual,940.00,,true,false,"",,,,,,,,,,,,,,,,,,,lb,,,,,,,
celestial-diamond-sun-pendant,,,,,,,,,14k white,,"16-17""",,,'17938,0.0,,-1,deny,manual,940.00,,true,false,"",,,,,,,,,,,,,,,,,,,lb,,,,,,,
celestial-diamond-sun-pendant,,,,,,,,,14k white,,"16-17-18""",,,'17939,0.0,shopify,1,continue,manual,940.00,,true,false,"",,,,,,,,,,,,,,,,,,,lb,,470.00,,,,,
celestial-diamond-sun-pendant,,,,,,,,,14k white,,"18-19""",,,'17940,0.0,,-1,deny,manual,940.00,,true,false,"",,,,,,,,,,,,,,,,,,,lb,,,,,,,
chain-extenders,Chain Extenders,"<p>*14k gold chain extenders.</p>
<p>*Select from rose, yellow and white gold.</p>
<p>*Options for 1"" inch, 2"" inch and 3""inch.</p>
<p> </p>",Nicole Rose,,Shop,"Necklaces, Nicole Rose Gifts Under $1500, Nikki K Collection $795 or less",true,Length,"1""",Gold Color,14k yellow,,,'17474,0.0,,-25,deny,manual,45.00,,true,false,"",https://cdn.shopify.com/s/files/1/0807/2966/9928/products/17474.jpg?v=1691755965,1,,false,,,,,,,,,,,,,,,lb,,,true,true,,,active
chain-extenders,,,,,,,,,"1""",,14k white,,,'17475,0.0,,-13,deny,manual,45.00,,true,false,"",https://cdn.shopify.com/s/files/1/0807/2966/9928/products/17475.jpg?v=1691755965,2,,,,,,,,,,,,,,,,,lb,,,,,,,
chain-extenders,,,,,,,,,"1""",,14k rose,,,'17476,0.0,,-2,deny,manual,45.00,,true,false,"",https://cdn.shopify.com/s/files/1/0807/2966/9928/products/17476.jpg?v=1691755965,3,,,,,,,,,,,,,,,,,lb,,,,,,,
chain-extenders,,,,,,,,,"2""",,14k yellow,,,'17477,0.0,,-16,deny,manual,90.00,,true,false,"",,,,,,,,,,,,,,,,,,,lb,,,,,,,
chain-extenders,,,,,,,,,"2""",,14k white,,,'17478,0.0,,-15,deny,manual,90.00,,true,false,"",,,,,,,,,,,,,,,,,,,lb,,,,,,,
chain-extenders,,,,,,,,,"2""",,14k rose,,,'17479,0.0,,-2,deny,manual,90.00,,true,false,"",,,,,,,,,,,,,,,,,,,lb,,,,,,,
chain-extenders,,,,,,,,,"3""",,14k yellow,,,'17480,0.0,,-6,deny,manual,135.00,,true,false,"",,,,,,,,,,,,,,,,,,,lb,,,,,,,
chain-extenders,,,,,,,,,"3""",,14k white,,,'17481,0.0,,-11,deny,manual,135.00,,true,false,"",,,,,,,,,,,,,,,,,,,lb,,,,,,,
chain-extenders,,,,,,,,,"3""",,14k rose,,,'17482,0.0,,-1,deny,manual,135.00,,true,false,"",,,,,,,,,,,,,,,,,,,lb,,,,,,,
diamond-by-the-yard-necklace,"36"" Diamond by The Yard Necklace","<p>*14k 36"" diamond by the yard necklace.</p>
<p>*Diamond weight: 24/2.40tw. Color: G-H Clarity: VS2-SI1.</p>
<p>*All necklaces are available in 14k rose, yellow and white gold.</p>
<p>*Please contact us for price requests and additional inquiries.</p>",Diamond,,Shop,"badge_Best Seller, By Category, By Collection, Classics, Dainty, Diamond By The Yard, Diamonds, Necklaces, test",true,Gold Color,14k yellow,,,,,'13384,0.0,shopify,0,continue,manual,3800.00,,true,false,"",https://cdn.shopify.com/s/files/1/0807/2966/9928/products/13383__83562.1511135816.1280.1280.jpg?v=1691755968,1,Diamond by The Yard Necklace,false,,,,,,,,,,,,,,,oz,,,true,true,,,active
diamond-by-the-yard-necklace,,,,,,,,,14k white,,,,,'13385,0.0,,0,deny,manual,3800.00,,true,false,"",https://cdn.shopify.com/s/files/1/0807/2966/9928/products/3077397100007460287-6VJ-006__36252.1511241963.1280.1280.jpg?v=1691755968,2,Diamond by The Yard Necklace,,,,,,,,,,,,,,,,oz,,,,,,,
diamond-by-the-yard-necklace,,,,,,,,,14k rose,,,,,'13386,0.0,,0,deny,manual,3800.00,,true,false,"",,,,,,,,,,,,,,,,,,,oz,,,,,,,
vitamin-b12,Vitamin B12,"<p>If you are searching for an effective approach to enhance your general well-being, ISOBIOTICS B12 capsules could be the solution. Whether you want to increase your energy, promote a healthy nervous system, or sustain proper brain function, our B12 supplements will provide the answer.</p>",CraftBerry - Dev Test,,"","",true,Title,Default Title,,,,,"",0.0,,0,deny,manual,0.00,,true,true,"",https://cdn.shopify.com/s/files/1/0807/2966/9928/products/image6.png?v=1691755970,1,,false,,,,,,,,,,,,,,,kg,,,true,true,,,active
vitamin-b12-test-kit,Vitamin B12 Test Kit,"<p><meta charset=""utf-8"">- help you discover any deficiencies<span data-mce-fragment=""1""></span></p>
<p>- maintain normal mteabolism</p>
<p>- help nervous system work properly</p>",CraftBerry - Dev Test,,"","",true,Title,Default Title,,,,,'20,0.0,shopify,0,deny,manual,50.00,,true,true,"",https://cdn.shopify.com/s/files/1/0807/2966/9928/products/image5.png?v=1691755974,1,,false,,,,,,,,,,,,,,,kg,,,true,true,,,active
vitamin-b12-test-kit,,,,,,,,,,,,,,,,,,,,,,,,,https://cdn.shopify.com/s/files/1/0807/2966/9928/products/image5_1cfd36cf-327e-43a6-b54f-21b038af43e9.png?v=1691755974,2,,,,,,,,,,,,,,,,,,,,,,,,
vitamin-b12-test-kit,,,,,,,,,,,,,,,,,,,,,,,,,https://cdn.shopify.com/s/files/1/0807/2966/9928/products/image5_3890d031-1f18-4f8f-bf1b-a02514941fce.png?v=1691755974,3,,,,,,,,,,,,,,,,,,,,,,,,
